province	year	source	source_name	source_url	source_edition	table_id	table_title	extraction_status	quality_flag	institution_scope	mechanism_role	physician_annual_outpatient_emergency_visits	physician_annual_inpatient_bed_days	physician_daily_outpatient_emergency_visits	physician_daily_inpatient_bed_days	notes
上海市	2011	natcm_2011_b35	National Administration of Traditional Chinese Medicine 2011 National TCM Statistical Extract	http://www.natcm.gov.cn/2020tjzb/%E5%85%A8%E5%9B%BD%E4%B8%AD%E5%8C%BB%E8%8D%AF%E7%BB%9F%E8%AE%A1%E6%91%98%E7%BC%96/atog/2011/B35.xls	2011	B35	2011年政府办中医类医院按地区分平均每一职工、医师产出情况	official_excel_numeric_extracted	official_natcm_excel_parsed	government-run TCM-category hospitals	province-level physician workload and service-intensity mediator candidate	4921.94	750.96	19.61	2.06	This table does not measure patient-level TCM use; it describes whether registered government-run TCM hospital physicians translate headcount capacity into outpatient/emergency and inpatient service workload.
云南省	2011	natcm_2011_b35	National Administration of Traditional Chinese Medicine 2011 National TCM Statistical Extract	http://www.natcm.gov.cn/2020tjzb/%E5%85%A8%E5%9B%BD%E4%B8%AD%E5%8C%BB%E8%8D%AF%E7%BB%9F%E8%AE%A1%E6%91%98%E7%BC%96/atog/2011/B35.xls	2011	B35	2011年政府办中医类医院按地区分平均每一职工、医师产出情况	official_excel_numeric_extracted	official_natcm_excel_parsed	government-run TCM-category hospitals	province-level physician workload and service-intensity mediator candidate	2325.06	1027.04	9.26	2.81	This table does not measure patient-level TCM use; it describes whether registered government-run TCM hospital physicians translate headcount capacity into outpatient/emergency and inpatient service workload.
内蒙古自治区	2011	natcm_2011_b35	National Administration of Traditional Chinese Medicine 2011 National TCM Statistical Extract	http://www.natcm.gov.cn/2020tjzb/%E5%85%A8%E5%9B%BD%E4%B8%AD%E5%8C%BB%E8%8D%AF%E7%BB%9F%E8%AE%A1%E6%91%98%E7%BC%96/atog/2011/B35.xls	2011	B35	2011年政府办中医类医院按地区分平均每一职工、医师产出情况	official_excel_numeric_extracted	official_natcm_excel_parsed	government-run TCM-category hospitals	province-level physician workload and service-intensity mediator candidate	1305.13	563.09	5.2	1.54	This table does not measure patient-level TCM use; it describes whether registered government-run TCM hospital physicians translate headcount capacity into outpatient/emergency and inpatient service workload.
北京市	2011	natcm_2011_b35	National Administration of Traditional Chinese Medicine 2011 National TCM Statistical Extract	http://www.natcm.gov.cn/2020tjzb/%E5%85%A8%E5%9B%BD%E4%B8%AD%E5%8C%BB%E8%8D%AF%E7%BB%9F%E8%AE%A1%E6%91%98%E7%BC%96/atog/2011/B35.xls	2011	B35	2011年政府办中医类医院按地区分平均每一职工、医师产出情况	official_excel_numeric_extracted	official_natcm_excel_parsed	government-run TCM-category hospitals	province-level physician workload and service-intensity mediator candidate	3782.57	555.6	15.07	1.52	This table does not measure patient-level TCM use; it describes whether registered government-run TCM hospital physicians translate headcount capacity into outpatient/emergency and inpatient service workload.
吉林省	2011	natcm_2011_b35	National Administration of Traditional Chinese Medicine 2011 National TCM Statistical Extract	http://www.natcm.gov.cn/2020tjzb/%E5%85%A8%E5%9B%BD%E4%B8%AD%E5%8C%BB%E8%8D%AF%E7%BB%9F%E8%AE%A1%E6%91%98%E7%BC%96/atog/2011/B35.xls	2011	B35	2011年政府办中医类医院按地区分平均每一职工、医师产出情况	official_excel_numeric_extracted	official_natcm_excel_parsed	government-run TCM-category hospitals	province-level physician workload and service-intensity mediator candidate	1253.62	538.52	4.99	1.48	This table does not measure patient-level TCM use; it describes whether registered government-run TCM hospital physicians translate headcount capacity into outpatient/emergency and inpatient service workload.
四川省	2011	natcm_2011_b35	National Administration of Traditional Chinese Medicine 2011 National TCM Statistical Extract	http://www.natcm.gov.cn/2020tjzb/%E5%85%A8%E5%9B%BD%E4%B8%AD%E5%8C%BB%E8%8D%AF%E7%BB%9F%E8%AE%A1%E6%91%98%E7%BC%96/atog/2011/B35.xls	2011	B35	2011年政府办中医类医院按地区分平均每一职工、医师产出情况	official_excel_numeric_extracted	official_natcm_excel_parsed	government-run TCM-category hospitals	province-level physician workload and service-intensity mediator candidate	1787.23	920.87	7.12	2.52	This table does not measure patient-level TCM use; it describes whether registered government-run TCM hospital physicians translate headcount capacity into outpatient/emergency and inpatient service workload.
天津市	2011	natcm_2011_b35	National Administration of Traditional Chinese Medicine 2011 National TCM Statistical Extract	http://www.natcm.gov.cn/2020tjzb/%E5%85%A8%E5%9B%BD%E4%B8%AD%E5%8C%BB%E8%8D%AF%E7%BB%9F%E8%AE%A1%E6%91%98%E7%BC%96/atog/2011/B35.xls	2011	B35	2011年政府办中医类医院按地区分平均每一职工、医师产出情况	official_excel_numeric_extracted	official_natcm_excel_parsed	government-run TCM-category hospitals	province-level physician workload and service-intensity mediator candidate	3100.08	567.38	12.35	1.55	This table does not measure patient-level TCM use; it describes whether registered government-run TCM hospital physicians translate headcount capacity into outpatient/emergency and inpatient service workload.
宁夏回族自治区	2011	natcm_2011_b35	National Administration of Traditional Chinese Medicine 2011 National TCM Statistical Extract	http://www.natcm.gov.cn/2020tjzb/%E5%85%A8%E5%9B%BD%E4%B8%AD%E5%8C%BB%E8%8D%AF%E7%BB%9F%E8%AE%A1%E6%91%98%E7%BC%96/atog/2011/B35.xls	2011	B35	2011年政府办中医类医院按地区分平均每一职工、医师产出情况	official_excel_numeric_extracted	official_natcm_excel_parsed	government-run TCM-category hospitals	province-level physician workload and service-intensity mediator candidate	2603.7	958.22	10.37	2.63	This table does not measure patient-level TCM use; it describes whether registered government-run TCM hospital physicians translate headcount capacity into outpatient/emergency and inpatient service workload.
安徽省	2011	natcm_2011_b35	National Administration of Traditional Chinese Medicine 2011 National TCM Statistical Extract	http://www.natcm.gov.cn/2020tjzb/%E5%85%A8%E5%9B%BD%E4%B8%AD%E5%8C%BB%E8%8D%AF%E7%BB%9F%E8%AE%A1%E6%91%98%E7%BC%96/atog/2011/B35.xls	2011	B35	2011年政府办中医类医院按地区分平均每一职工、医师产出情况	official_excel_numeric_extracted	official_natcm_excel_parsed	government-run TCM-category hospitals	province-level physician workload and service-intensity mediator candidate	1402.06	786.9	5.59	2.16	This table does not measure patient-level TCM use; it describes whether registered government-run TCM hospital physicians translate headcount capacity into outpatient/emergency and inpatient service workload.
山东省	2011	natcm_2011_b35	National Administration of Traditional Chinese Medicine 2011 National TCM Statistical Extract	http://www.natcm.gov.cn/2020tjzb/%E5%85%A8%E5%9B%BD%E4%B8%AD%E5%8C%BB%E8%8D%AF%E7%BB%9F%E8%AE%A1%E6%91%98%E7%BC%96/atog/2011/B35.xls	2011	B35	2011年政府办中医类医院按地区分平均每一职工、医师产出情况	official_excel_numeric_extracted	official_natcm_excel_parsed	government-run TCM-category hospitals	province-level physician workload and service-intensity mediator candidate	1247.83	677.58	4.97	1.86	This table does not measure patient-level TCM use; it describes whether registered government-run TCM hospital physicians translate headcount capacity into outpatient/emergency and inpatient service workload.
山西省	2011	natcm_2011_b35	National Administration of Traditional Chinese Medicine 2011 National TCM Statistical Extract	http://www.natcm.gov.cn/2020tjzb/%E5%85%A8%E5%9B%BD%E4%B8%AD%E5%8C%BB%E8%8D%AF%E7%BB%9F%E8%AE%A1%E6%91%98%E7%BC%96/atog/2011/B35.xls	2011	B35	2011年政府办中医类医院按地区分平均每一职工、医师产出情况	official_excel_numeric_extracted	official_natcm_excel_parsed	government-run TCM-category hospitals	province-level physician workload and service-intensity mediator candidate	920.36	432.86	3.67	1.19	This table does not measure patient-level TCM use; it describes whether registered government-run TCM hospital physicians translate headcount capacity into outpatient/emergency and inpatient service workload.
广东省	2011	natcm_2011_b35	National Administration of Traditional Chinese Medicine 2011 National TCM Statistical Extract	http://www.natcm.gov.cn/2020tjzb/%E5%85%A8%E5%9B%BD%E4%B8%AD%E5%8C%BB%E8%8D%AF%E7%BB%9F%E8%AE%A1%E6%91%98%E7%BC%96/atog/2011/B35.xls	2011	B35	2011年政府办中医类医院按地区分平均每一职工、医师产出情况	official_excel_numeric_extracted	official_natcm_excel_parsed	government-run TCM-category hospitals	province-level physician workload and service-intensity mediator candidate	3279.54	693.26	13.07	1.9	This table does not measure patient-level TCM use; it describes whether registered government-run TCM hospital physicians translate headcount capacity into outpatient/emergency and inpatient service workload.
广西壮族自治区	2011	natcm_2011_b35	National Administration of Traditional Chinese Medicine 2011 National TCM Statistical Extract	http://www.natcm.gov.cn/2020tjzb/%E5%85%A8%E5%9B%BD%E4%B8%AD%E5%8C%BB%E8%8D%AF%E7%BB%9F%E8%AE%A1%E6%91%98%E7%BC%96/atog/2011/B35.xls	2011	B35	2011年政府办中医类医院按地区分平均每一职工、医师产出情况	official_excel_numeric_extracted	official_natcm_excel_parsed	government-run TCM-category hospitals	province-level physician workload and service-intensity mediator candidate	1924.8	769.41	7.67	2.11	This table does not measure patient-level TCM use; it describes whether registered government-run TCM hospital physicians translate headcount capacity into outpatient/emergency and inpatient service workload.
新疆维吾尔自治区	2011	natcm_2011_b35	National Administration of Traditional Chinese Medicine 2011 National TCM Statistical Extract	http://www.natcm.gov.cn/2020tjzb/%E5%85%A8%E5%9B%BD%E4%B8%AD%E5%8C%BB%E8%8D%AF%E7%BB%9F%E8%AE%A1%E6%91%98%E7%BC%96/atog/2011/B35.xls	2011	B35	2011年政府办中医类医院按地区分平均每一职工、医师产出情况	official_excel_numeric_extracted	official_natcm_excel_parsed	government-run TCM-category hospitals	province-level physician workload and service-intensity mediator candidate	1496.13	1390.31	5.96	3.81	This table does not measure patient-level TCM use; it describes whether registered government-run TCM hospital physicians translate headcount capacity into outpatient/emergency and inpatient service workload.
江苏省	2011	natcm_2011_b35	National Administration of Traditional Chinese Medicine 2011 National TCM Statistical Extract	http://www.natcm.gov.cn/2020tjzb/%E5%85%A8%E5%9B%BD%E4%B8%AD%E5%8C%BB%E8%8D%AF%E7%BB%9F%E8%AE%A1%E6%91%98%E7%BC%96/atog/2011/B35.xls	2011	B35	2011年政府办中医类医院按地区分平均每一职工、医师产出情况	official_excel_numeric_extracted	official_natcm_excel_parsed	government-run TCM-category hospitals	province-level physician workload and service-intensity mediator candidate	2643.26	789.37	10.53	2.16	This table does not measure patient-level TCM use; it describes whether registered government-run TCM hospital physicians translate headcount capacity into outpatient/emergency and inpatient service workload.
江西省	2011	natcm_2011_b35	National Administration of Traditional Chinese Medicine 2011 National TCM Statistical Extract	http://www.natcm.gov.cn/2020tjzb/%E5%85%A8%E5%9B%BD%E4%B8%AD%E5%8C%BB%E8%8D%AF%E7%BB%9F%E8%AE%A1%E6%91%98%E7%BC%96/atog/2011/B35.xls	2011	B35	2011年政府办中医类医院按地区分平均每一职工、医师产出情况	official_excel_numeric_extracted	official_natcm_excel_parsed	government-run TCM-category hospitals	province-level physician workload and service-intensity mediator candidate	1617.47	792.78	6.44	2.17	This table does not measure patient-level TCM use; it describes whether registered government-run TCM hospital physicians translate headcount capacity into outpatient/emergency and inpatient service workload.
河北省	2011	natcm_2011_b35	National Administration of Traditional Chinese Medicine 2011 National TCM Statistical Extract	http://www.natcm.gov.cn/2020tjzb/%E5%85%A8%E5%9B%BD%E4%B8%AD%E5%8C%BB%E8%8D%AF%E7%BB%9F%E8%AE%A1%E6%91%98%E7%BC%96/atog/2011/B35.xls	2011	B35	2011年政府办中医类医院按地区分平均每一职工、医师产出情况	official_excel_numeric_extracted	official_natcm_excel_parsed	government-run TCM-category hospitals	province-level physician workload and service-intensity mediator candidate	1163.66	610.85	4.64	1.67	This table does not measure patient-level TCM use; it describes whether registered government-run TCM hospital physicians translate headcount capacity into outpatient/emergency and inpatient service workload.
河南省	2011	natcm_2011_b35	National Administration of Traditional Chinese Medicine 2011 National TCM Statistical Extract	http://www.natcm.gov.cn/2020tjzb/%E5%85%A8%E5%9B%BD%E4%B8%AD%E5%8C%BB%E8%8D%AF%E7%BB%9F%E8%AE%A1%E6%91%98%E7%BC%96/atog/2011/B35.xls	2011	B35	2011年政府办中医类医院按地区分平均每一职工、医师产出情况	official_excel_numeric_extracted	official_natcm_excel_parsed	government-run TCM-category hospitals	province-level physician workload and service-intensity mediator candidate	1511.65	783.13	6.02	2.15	This table does not measure patient-level TCM use; it describes whether registered government-run TCM hospital physicians translate headcount capacity into outpatient/emergency and inpatient service workload.
浙江省	2011	natcm_2011_b35	National Administration of Traditional Chinese Medicine 2011 National TCM Statistical Extract	http://www.natcm.gov.cn/2020tjzb/%E5%85%A8%E5%9B%BD%E4%B8%AD%E5%8C%BB%E8%8D%AF%E7%BB%9F%E8%AE%A1%E6%91%98%E7%BC%96/atog/2011/B35.xls	2011	B35	2011年政府办中医类医院按地区分平均每一职工、医师产出情况	official_excel_numeric_extracted	official_natcm_excel_parsed	government-run TCM-category hospitals	province-level physician workload and service-intensity mediator candidate	3191.54	681.82	12.72	1.87	This table does not measure patient-level TCM use; it describes whether registered government-run TCM hospital physicians translate headcount capacity into outpatient/emergency and inpatient service workload.
海南省	2011	natcm_2011_b35	National Administration of Traditional Chinese Medicine 2011 National TCM Statistical Extract	http://www.natcm.gov.cn/2020tjzb/%E5%85%A8%E5%9B%BD%E4%B8%AD%E5%8C%BB%E8%8D%AF%E7%BB%9F%E8%AE%A1%E6%91%98%E7%BC%96/atog/2011/B35.xls	2011	B35	2011年政府办中医类医院按地区分平均每一职工、医师产出情况	official_excel_numeric_extracted	official_natcm_excel_parsed	government-run TCM-category hospitals	province-level physician workload and service-intensity mediator candidate	1967.18	749.65	7.84	2.05	This table does not measure patient-level TCM use; it describes whether registered government-run TCM hospital physicians translate headcount capacity into outpatient/emergency and inpatient service workload.
湖北省	2011	natcm_2011_b35	National Administration of Traditional Chinese Medicine 2011 National TCM Statistical Extract	http://www.natcm.gov.cn/2020tjzb/%E5%85%A8%E5%9B%BD%E4%B8%AD%E5%8C%BB%E8%8D%AF%E7%BB%9F%E8%AE%A1%E6%91%98%E7%BC%96/atog/2011/B35.xls	2011	B35	2011年政府办中医类医院按地区分平均每一职工、医师产出情况	official_excel_numeric_extracted	official_natcm_excel_parsed	government-run TCM-category hospitals	province-level physician workload and service-intensity mediator candidate	1656.19	911.28	6.6	2.5	This table does not measure patient-level TCM use; it describes whether registered government-run TCM hospital physicians translate headcount capacity into outpatient/emergency and inpatient service workload.
湖南省	2011	natcm_2011_b35	National Administration of Traditional Chinese Medicine 2011 National TCM Statistical Extract	http://www.natcm.gov.cn/2020tjzb/%E5%85%A8%E5%9B%BD%E4%B8%AD%E5%8C%BB%E8%8D%AF%E7%BB%9F%E8%AE%A1%E6%91%98%E7%BC%96/atog/2011/B35.xls	2011	B35	2011年政府办中医类医院按地区分平均每一职工、医师产出情况	official_excel_numeric_extracted	official_natcm_excel_parsed	government-run TCM-category hospitals	province-level physician workload and service-intensity mediator candidate	1172.2	960.03	4.67	2.63	This table does not measure patient-level TCM use; it describes whether registered government-run TCM hospital physicians translate headcount capacity into outpatient/emergency and inpatient service workload.
甘肃省	2011	natcm_2011_b35	National Administration of Traditional Chinese Medicine 2011 National TCM Statistical Extract	http://www.natcm.gov.cn/2020tjzb/%E5%85%A8%E5%9B%BD%E4%B8%AD%E5%8C%BB%E8%8D%AF%E7%BB%9F%E8%AE%A1%E6%91%98%E7%BC%96/atog/2011/B35.xls	2011	B35	2011年政府办中医类医院按地区分平均每一职工、医师产出情况	official_excel_numeric_extracted	official_natcm_excel_parsed	government-run TCM-category hospitals	province-level physician workload and service-intensity mediator candidate	1667.91	945.61	6.65	2.59	This table does not measure patient-level TCM use; it describes whether registered government-run TCM hospital physicians translate headcount capacity into outpatient/emergency and inpatient service workload.
福建省	2011	natcm_2011_b35	National Administration of Traditional Chinese Medicine 2011 National TCM Statistical Extract	http://www.natcm.gov.cn/2020tjzb/%E5%85%A8%E5%9B%BD%E4%B8%AD%E5%8C%BB%E8%8D%AF%E7%BB%9F%E8%AE%A1%E6%91%98%E7%BC%96/atog/2011/B35.xls	2011	B35	2011年政府办中医类医院按地区分平均每一职工、医师产出情况	official_excel_numeric_extracted	official_natcm_excel_parsed	government-run TCM-category hospitals	province-level physician workload and service-intensity mediator candidate	2568.15	818.03	10.23	2.24	This table does not measure patient-level TCM use; it describes whether registered government-run TCM hospital physicians translate headcount capacity into outpatient/emergency and inpatient service workload.
西藏自治区	2011	natcm_2011_b35	National Administration of Traditional Chinese Medicine 2011 National TCM Statistical Extract	http://www.natcm.gov.cn/2020tjzb/%E5%85%A8%E5%9B%BD%E4%B8%AD%E5%8C%BB%E8%8D%AF%E7%BB%9F%E8%AE%A1%E6%91%98%E7%BC%96/atog/2011/B35.xls	2011	B35	2011年政府办中医类医院按地区分平均每一职工、医师产出情况	official_excel_numeric_extracted	official_natcm_excel_parsed	government-run TCM-category hospitals	province-level physician workload and service-intensity mediator candidate	1697.07	502.86	6.76	1.38	This table does not measure patient-level TCM use; it describes whether registered government-run TCM hospital physicians translate headcount capacity into outpatient/emergency and inpatient service workload.
贵州省	2011	natcm_2011_b35	National Administration of Traditional Chinese Medicine 2011 National TCM Statistical Extract	http://www.natcm.gov.cn/2020tjzb/%E5%85%A8%E5%9B%BD%E4%B8%AD%E5%8C%BB%E8%8D%AF%E7%BB%9F%E8%AE%A1%E6%91%98%E7%BC%96/atog/2011/B35.xls	2011	B35	2011年政府办中医类医院按地区分平均每一职工、医师产出情况	official_excel_numeric_extracted	official_natcm_excel_parsed	government-run TCM-category hospitals	province-level physician workload and service-intensity mediator candidate	1434.12	963.11	5.71	2.64	This table does not measure patient-level TCM use; it describes whether registered government-run TCM hospital physicians translate headcount capacity into outpatient/emergency and inpatient service workload.
辽宁省	2011	natcm_2011_b35	National Administration of Traditional Chinese Medicine 2011 National TCM Statistical Extract	http://www.natcm.gov.cn/2020tjzb/%E5%85%A8%E5%9B%BD%E4%B8%AD%E5%8C%BB%E8%8D%AF%E7%BB%9F%E8%AE%A1%E6%91%98%E7%BC%96/atog/2011/B35.xls	2011	B35	2011年政府办中医类医院按地区分平均每一职工、医师产出情况	official_excel_numeric_extracted	official_natcm_excel_parsed	government-run TCM-category hospitals	province-level physician workload and service-intensity mediator candidate	1241.21	642.01	4.95	1.76	This table does not measure patient-level TCM use; it describes whether registered government-run TCM hospital physicians translate headcount capacity into outpatient/emergency and inpatient service workload.
重庆市	2011	natcm_2011_b35	National Administration of Traditional Chinese Medicine 2011 National TCM Statistical Extract	http://www.natcm.gov.cn/2020tjzb/%E5%85%A8%E5%9B%BD%E4%B8%AD%E5%8C%BB%E8%8D%AF%E7%BB%9F%E8%AE%A1%E6%91%98%E7%BC%96/atog/2011/B35.xls	2011	B35	2011年政府办中医类医院按地区分平均每一职工、医师产出情况	official_excel_numeric_extracted	official_natcm_excel_parsed	government-run TCM-category hospitals	province-level physician workload and service-intensity mediator candidate	1825.23	995.18	7.27	2.73	This table does not measure patient-level TCM use; it describes whether registered government-run TCM hospital physicians translate headcount capacity into outpatient/emergency and inpatient service workload.
陕西省	2011	natcm_2011_b35	National Administration of Traditional Chinese Medicine 2011 National TCM Statistical Extract	http://www.natcm.gov.cn/2020tjzb/%E5%85%A8%E5%9B%BD%E4%B8%AD%E5%8C%BB%E8%8D%AF%E7%BB%9F%E8%AE%A1%E6%91%98%E7%BC%96/atog/2011/B35.xls	2011	B35	2011年政府办中医类医院按地区分平均每一职工、医师产出情况	official_excel_numeric_extracted	official_natcm_excel_parsed	government-run TCM-category hospitals	province-level physician workload and service-intensity mediator candidate	1387.97	930.58	5.53	2.55	This table does not measure patient-level TCM use; it describes whether registered government-run TCM hospital physicians translate headcount capacity into outpatient/emergency and inpatient service workload.
青海省	2011	natcm_2011_b35	National Administration of Traditional Chinese Medicine 2011 National TCM Statistical Extract	http://www.natcm.gov.cn/2020tjzb/%E5%85%A8%E5%9B%BD%E4%B8%AD%E5%8C%BB%E8%8D%AF%E7%BB%9F%E8%AE%A1%E6%91%98%E7%BC%96/atog/2011/B35.xls	2011	B35	2011年政府办中医类医院按地区分平均每一职工、医师产出情况	official_excel_numeric_extracted	official_natcm_excel_parsed	government-run TCM-category hospitals	province-level physician workload and service-intensity mediator candidate	1180.75	682.84	4.7	1.87	This table does not measure patient-level TCM use; it describes whether registered government-run TCM hospital physicians translate headcount capacity into outpatient/emergency and inpatient service workload.
黑龙江省	2011	natcm_2011_b35	National Administration of Traditional Chinese Medicine 2011 National TCM Statistical Extract	http://www.natcm.gov.cn/2020tjzb/%E5%85%A8%E5%9B%BD%E4%B8%AD%E5%8C%BB%E8%8D%AF%E7%BB%9F%E8%AE%A1%E6%91%98%E7%BC%96/atog/2011/B35.xls	2011	B35	2011年政府办中医类医院按地区分平均每一职工、医师产出情况	official_excel_numeric_extracted	official_natcm_excel_parsed	government-run TCM-category hospitals	province-level physician workload and service-intensity mediator candidate	1185.15	567.8	4.72	1.56	This table does not measure patient-level TCM use; it describes whether registered government-run TCM hospital physicians translate headcount capacity into outpatient/emergency and inpatient service workload.
上海市	2013	natcm_2013_b38	National Administration of Traditional Chinese Medicine 2013 National TCM Statistical Extract	http://www.natcm.gov.cn/2020tjzb/%E5%85%A8%E5%9B%BD%E4%B8%AD%E5%8C%BB%E8%8D%AF%E7%BB%9F%E8%AE%A1%E6%91%98%E7%BC%96/atog/2013/B38.xls	2013	B38	2013年政府办中医类医院按地区分医院医师工作效率	official_excel_numeric_extracted	official_natcm_excel_parsed	government-run TCM-category hospitals	province-level physician workload and service-intensity mediator candidate	4928.704108922927	728.2667152929735	19.71481643569171	1.9897997685600368	This table does not measure patient-level TCM use; it describes whether registered government-run TCM hospital physicians translate headcount capacity into outpatient/emergency and inpatient service workload.
云南省	2013	natcm_2013_b38	National Administration of Traditional Chinese Medicine 2013 National TCM Statistical Extract	http://www.natcm.gov.cn/2020tjzb/%E5%85%A8%E5%9B%BD%E4%B8%AD%E5%8C%BB%E8%8D%AF%E7%BB%9F%E8%AE%A1%E6%91%98%E7%BC%96/atog/2013/B38.xls	2013	B38	2013年政府办中医类医院按地区分医院医师工作效率	official_excel_numeric_extracted	official_natcm_excel_parsed	government-run TCM-category hospitals	province-level physician workload and service-intensity mediator candidate	2333.6597032409213	1164.1698555251855	9.334638812963684	3.1807919549868457	This table does not measure patient-level TCM use; it describes whether registered government-run TCM hospital physicians translate headcount capacity into outpatient/emergency and inpatient service workload.
内蒙古自治区	2013	natcm_2013_b38	National Administration of Traditional Chinese Medicine 2013 National TCM Statistical Extract	http://www.natcm.gov.cn/2020tjzb/%E5%85%A8%E5%9B%BD%E4%B8%AD%E5%8C%BB%E8%8D%AF%E7%BB%9F%E8%AE%A1%E6%91%98%E7%BC%96/atog/2013/B38.xls	2013	B38	2013年政府办中医类医院按地区分医院医师工作效率	official_excel_numeric_extracted	official_natcm_excel_parsed	government-run TCM-category hospitals	province-level physician workload and service-intensity mediator candidate	1371.7767925983037	621.0589822667695	5.487107170393215	1.6968824652097527	This table does not measure patient-level TCM use; it describes whether registered government-run TCM hospital physicians translate headcount capacity into outpatient/emergency and inpatient service workload.
北京市	2013	natcm_2013_b38	National Administration of Traditional Chinese Medicine 2013 National TCM Statistical Extract	http://www.natcm.gov.cn/2020tjzb/%E5%85%A8%E5%9B%BD%E4%B8%AD%E5%8C%BB%E8%8D%AF%E7%BB%9F%E8%AE%A1%E6%91%98%E7%BC%96/atog/2013/B38.xls	2013	B38	2013年政府办中医类医院按地区分医院医师工作效率	official_excel_numeric_extracted	official_natcm_excel_parsed	government-run TCM-category hospitals	province-level physician workload and service-intensity mediator candidate	4227.203457025055	611.8171582619727	16.90881382810022	1.6716315799507453	This table does not measure patient-level TCM use; it describes whether registered government-run TCM hospital physicians translate headcount capacity into outpatient/emergency and inpatient service workload.
吉林省	2013	natcm_2013_b38	National Administration of Traditional Chinese Medicine 2013 National TCM Statistical Extract	http://www.natcm.gov.cn/2020tjzb/%E5%85%A8%E5%9B%BD%E4%B8%AD%E5%8C%BB%E8%8D%AF%E7%BB%9F%E8%AE%A1%E6%91%98%E7%BC%96/atog/2013/B38.xls	2013	B38	2013年政府办中医类医院按地区分医院医师工作效率	official_excel_numeric_extracted	official_natcm_excel_parsed	government-run TCM-category hospitals	province-level physician workload and service-intensity mediator candidate	1390.2720601724454	602.3026967528893	5.561088240689782	1.6456357834778397	This table does not measure patient-level TCM use; it describes whether registered government-run TCM hospital physicians translate headcount capacity into outpatient/emergency and inpatient service workload.
四川省	2013	natcm_2013_b38	National Administration of Traditional Chinese Medicine 2013 National TCM Statistical Extract	http://www.natcm.gov.cn/2020tjzb/%E5%85%A8%E5%9B%BD%E4%B8%AD%E5%8C%BB%E8%8D%AF%E7%BB%9F%E8%AE%A1%E6%91%98%E7%BC%96/atog/2013/B38.xls	2013	B38	2013年政府办中医类医院按地区分医院医师工作效率	official_excel_numeric_extracted	official_natcm_excel_parsed	government-run TCM-category hospitals	province-level physician workload and service-intensity mediator candidate	1919.0679049481123	1131.5290269213417	7.676271619792449	3.091609363173064	This table does not measure patient-level TCM use; it describes whether registered government-run TCM hospital physicians translate headcount capacity into outpatient/emergency and inpatient service workload.
天津市	2013	natcm_2013_b38	National Administration of Traditional Chinese Medicine 2013 National TCM Statistical Extract	http://www.natcm.gov.cn/2020tjzb/%E5%85%A8%E5%9B%BD%E4%B8%AD%E5%8C%BB%E8%8D%AF%E7%BB%9F%E8%AE%A1%E6%91%98%E7%BC%96/atog/2013/B38.xls	2013	B38	2013年政府办中医类医院按地区分医院医师工作效率	official_excel_numeric_extracted	official_natcm_excel_parsed	government-run TCM-category hospitals	province-level physician workload and service-intensity mediator candidate	3357.8693333333335	587.1054814814814	13.431477333333332	1.6041133373810967	This table does not measure patient-level TCM use; it describes whether registered government-run TCM hospital physicians translate headcount capacity into outpatient/emergency and inpatient service workload.
宁夏回族自治区	2013	natcm_2013_b38	National Administration of Traditional Chinese Medicine 2013 National TCM Statistical Extract	http://www.natcm.gov.cn/2020tjzb/%E5%85%A8%E5%9B%BD%E4%B8%AD%E5%8C%BB%E8%8D%AF%E7%BB%9F%E8%AE%A1%E6%91%98%E7%BC%96/atog/2013/B38.xls	2013	B38	2013年政府办中医类医院按地区分医院医师工作效率	official_excel_numeric_extracted	official_natcm_excel_parsed	government-run TCM-category hospitals	province-level physician workload and service-intensity mediator candidate	2601.4585741811175	1009.4065510597304	10.405834296724468	2.757941396338061	This table does not measure patient-level TCM use; it describes whether registered government-run TCM hospital physicians translate headcount capacity into outpatient/emergency and inpatient service workload.
安徽省	2013	natcm_2013_b38	National Administration of Traditional Chinese Medicine 2013 National TCM Statistical Extract	http://www.natcm.gov.cn/2020tjzb/%E5%85%A8%E5%9B%BD%E4%B8%AD%E5%8C%BB%E8%8D%AF%E7%BB%9F%E8%AE%A1%E6%91%98%E7%BC%96/atog/2013/B38.xls	2013	B38	2013年政府办中医类医院按地区分医院医师工作效率	official_excel_numeric_extracted	official_natcm_excel_parsed	government-run TCM-category hospitals	province-level physician workload and service-intensity mediator candidate	1551.0531336955082	931.9652842188949	6.204212534782033	2.546353235570751	This table does not measure patient-level TCM use; it describes whether registered government-run TCM hospital physicians translate headcount capacity into outpatient/emergency and inpatient service workload.
山东省	2013	natcm_2013_b38	National Administration of Traditional Chinese Medicine 2013 National TCM Statistical Extract	http://www.natcm.gov.cn/2020tjzb/%E5%85%A8%E5%9B%BD%E4%B8%AD%E5%8C%BB%E8%8D%AF%E7%BB%9F%E8%AE%A1%E6%91%98%E7%BC%96/atog/2013/B38.xls	2013	B38	2013年政府办中医类医院按地区分医院医师工作效率	official_excel_numeric_extracted	official_natcm_excel_parsed	government-run TCM-category hospitals	province-level physician workload and service-intensity mediator candidate	1288.625764215766	757.4044797922415	5.154503056863064	2.0694111469733376	This table does not measure patient-level TCM use; it describes whether registered government-run TCM hospital physicians translate headcount capacity into outpatient/emergency and inpatient service workload.
山西省	2013	natcm_2013_b38	National Administration of Traditional Chinese Medicine 2013 National TCM Statistical Extract	http://www.natcm.gov.cn/2020tjzb/%E5%85%A8%E5%9B%BD%E4%B8%AD%E5%8C%BB%E8%8D%AF%E7%BB%9F%E8%AE%A1%E6%91%98%E7%BC%96/atog/2013/B38.xls	2013	B38	2013年政府办中医类医院按地区分医院医师工作效率	official_excel_numeric_extracted	official_natcm_excel_parsed	government-run TCM-category hospitals	province-level physician workload and service-intensity mediator candidate	1009.1589671526436	587.9587212366064	4.036635868610575	1.6064445935426404	This table does not measure patient-level TCM use; it describes whether registered government-run TCM hospital physicians translate headcount capacity into outpatient/emergency and inpatient service workload.
广东省	2013	natcm_2013_b38	National Administration of Traditional Chinese Medicine 2013 National TCM Statistical Extract	http://www.natcm.gov.cn/2020tjzb/%E5%85%A8%E5%9B%BD%E4%B8%AD%E5%8C%BB%E8%8D%AF%E7%BB%9F%E8%AE%A1%E6%91%98%E7%BC%96/atog/2013/B38.xls	2013	B38	2013年政府办中医类医院按地区分医院医师工作效率	official_excel_numeric_extracted	official_natcm_excel_parsed	government-run TCM-category hospitals	province-level physician workload and service-intensity mediator candidate	3386.895397773554	758.2513575889221	13.547581591094216	2.0717250207347595	This table does not measure patient-level TCM use; it describes whether registered government-run TCM hospital physicians translate headcount capacity into outpatient/emergency and inpatient service workload.
广西壮族自治区	2013	natcm_2013_b38	National Administration of Traditional Chinese Medicine 2013 National TCM Statistical Extract	http://www.natcm.gov.cn/2020tjzb/%E5%85%A8%E5%9B%BD%E4%B8%AD%E5%8C%BB%E8%8D%AF%E7%BB%9F%E8%AE%A1%E6%91%98%E7%BC%96/atog/2013/B38.xls	2013	B38	2013年政府办中医类医院按地区分医院医师工作效率	official_excel_numeric_extracted	official_natcm_excel_parsed	government-run TCM-category hospitals	province-level physician workload and service-intensity mediator candidate	1966.416801897391	932.4902009736613	7.865667207589564	2.5477874343542655	This table does not measure patient-level TCM use; it describes whether registered government-run TCM hospital physicians translate headcount capacity into outpatient/emergency and inpatient service workload.
新疆维吾尔自治区	2013	natcm_2013_b38	National Administration of Traditional Chinese Medicine 2013 National TCM Statistical Extract	http://www.natcm.gov.cn/2020tjzb/%E5%85%A8%E5%9B%BD%E4%B8%AD%E5%8C%BB%E8%8D%AF%E7%BB%9F%E8%AE%A1%E6%91%98%E7%BC%96/atog/2013/B38.xls	2013	B38	2013年政府办中医类医院按地区分医院医师工作效率	official_excel_numeric_extracted	official_natcm_excel_parsed	government-run TCM-category hospitals	province-level physician workload and service-intensity mediator candidate	1640.481716530674	1325.054699304926	6.561926866122696	3.620368030887775	This table does not measure patient-level TCM use; it describes whether registered government-run TCM hospital physicians translate headcount capacity into outpatient/emergency and inpatient service workload.
江苏省	2013	natcm_2013_b38	National Administration of Traditional Chinese Medicine 2013 National TCM Statistical Extract	http://www.natcm.gov.cn/2020tjzb/%E5%85%A8%E5%9B%BD%E4%B8%AD%E5%8C%BB%E8%8D%AF%E7%BB%9F%E8%AE%A1%E6%91%98%E7%BC%96/atog/2013/B38.xls	2013	B38	2013年政府办中医类医院按地区分医院医师工作效率	official_excel_numeric_extracted	official_natcm_excel_parsed	government-run TCM-category hospitals	province-level physician workload and service-intensity mediator candidate	2541.363673193788	810.3324105334234	10.165454692775151	2.2140229795995174	This table does not measure patient-level TCM use; it describes whether registered government-run TCM hospital physicians translate headcount capacity into outpatient/emergency and inpatient service workload.
江西省	2013	natcm_2013_b38	National Administration of Traditional Chinese Medicine 2013 National TCM Statistical Extract	http://www.natcm.gov.cn/2020tjzb/%E5%85%A8%E5%9B%BD%E4%B8%AD%E5%8C%BB%E8%8D%AF%E7%BB%9F%E8%AE%A1%E6%91%98%E7%BC%96/atog/2013/B38.xls	2013	B38	2013年政府办中医类医院按地区分医院医师工作效率	official_excel_numeric_extracted	official_natcm_excel_parsed	government-run TCM-category hospitals	province-level physician workload and service-intensity mediator candidate	1622.538076709283	922.9435797665368	6.490152306837132	2.521703769853926	This table does not measure patient-level TCM use; it describes whether registered government-run TCM hospital physicians translate headcount capacity into outpatient/emergency and inpatient service workload.
河北省	2013	natcm_2013_b38	National Administration of Traditional Chinese Medicine 2013 National TCM Statistical Extract	http://www.natcm.gov.cn/2020tjzb/%E5%85%A8%E5%9B%BD%E4%B8%AD%E5%8C%BB%E8%8D%AF%E7%BB%9F%E8%AE%A1%E6%91%98%E7%BC%96/atog/2013/B38.xls	2013	B38	2013年政府办中医类医院按地区分医院医师工作效率	official_excel_numeric_extracted	official_natcm_excel_parsed	government-run TCM-category hospitals	province-level physician workload and service-intensity mediator candidate	1248.0347991403537	711.3565878657629	4.992139196561415	1.9435972346059096	This table does not measure patient-level TCM use; it describes whether registered government-run TCM hospital physicians translate headcount capacity into outpatient/emergency and inpatient service workload.
河南省	2013	natcm_2013_b38	National Administration of Traditional Chinese Medicine 2013 National TCM Statistical Extract	http://www.natcm.gov.cn/2020tjzb/%E5%85%A8%E5%9B%BD%E4%B8%AD%E5%8C%BB%E8%8D%AF%E7%BB%9F%E8%AE%A1%E6%91%98%E7%BC%96/atog/2013/B38.xls	2013	B38	2013年政府办中医类医院按地区分医院医师工作效率	official_excel_numeric_extracted	official_natcm_excel_parsed	government-run TCM-category hospitals	province-level physician workload and service-intensity mediator candidate	1599.9570948217888	938.3363819771351	6.399828379287155	2.563760606494905	This table does not measure patient-level TCM use; it describes whether registered government-run TCM hospital physicians translate headcount capacity into outpatient/emergency and inpatient service workload.
浙江省	2013	natcm_2013_b38	National Administration of Traditional Chinese Medicine 2013 National TCM Statistical Extract	http://www.natcm.gov.cn/2020tjzb/%E5%85%A8%E5%9B%BD%E4%B8%AD%E5%8C%BB%E8%8D%AF%E7%BB%9F%E8%AE%A1%E6%91%98%E7%BC%96/atog/2013/B38.xls	2013	B38	2013年政府办中医类医院按地区分医院医师工作效率	official_excel_numeric_extracted	official_natcm_excel_parsed	government-run TCM-category hospitals	province-level physician workload and service-intensity mediator candidate	3515.829087793098	721.3830334190231	14.063316351172393	1.970991894587495	This table does not measure patient-level TCM use; it describes whether registered government-run TCM hospital physicians translate headcount capacity into outpatient/emergency and inpatient service workload.
海南省	2013	natcm_2013_b38	National Administration of Traditional Chinese Medicine 2013 National TCM Statistical Extract	http://www.natcm.gov.cn/2020tjzb/%E5%85%A8%E5%9B%BD%E4%B8%AD%E5%8C%BB%E8%8D%AF%E7%BB%9F%E8%AE%A1%E6%91%98%E7%BC%96/atog/2013/B38.xls	2013	B38	2013年政府办中医类医院按地区分医院医师工作效率	official_excel_numeric_extracted	official_natcm_excel_parsed	government-run TCM-category hospitals	province-level physician workload and service-intensity mediator candidate	1837.7994902293967	731.7969413763807	7.351197960917587	1.9994451950174332	This table does not measure patient-level TCM use; it describes whether registered government-run TCM hospital physicians translate headcount capacity into outpatient/emergency and inpatient service workload.
湖北省	2013	natcm_2013_b38	National Administration of Traditional Chinese Medicine 2013 National TCM Statistical Extract	http://www.natcm.gov.cn/2020tjzb/%E5%85%A8%E5%9B%BD%E4%B8%AD%E5%8C%BB%E8%8D%AF%E7%BB%9F%E8%AE%A1%E6%91%98%E7%BC%96/atog/2013/B38.xls	2013	B38	2013年政府办中医类医院按地区分医院医师工作效率	official_excel_numeric_extracted	official_natcm_excel_parsed	government-run TCM-category hospitals	province-level physician workload and service-intensity mediator candidate	1682.2415977117173	1016.553171927674	6.728966390846869	2.777467682862497	This table does not measure patient-level TCM use; it describes whether registered government-run TCM hospital physicians translate headcount capacity into outpatient/emergency and inpatient service workload.
湖南省	2013	natcm_2013_b38	National Administration of Traditional Chinese Medicine 2013 National TCM Statistical Extract	http://www.natcm.gov.cn/2020tjzb/%E5%85%A8%E5%9B%BD%E4%B8%AD%E5%8C%BB%E8%8D%AF%E7%BB%9F%E8%AE%A1%E6%91%98%E7%BC%96/atog/2013/B38.xls	2013	B38	2013年政府办中医类医院按地区分医院医师工作效率	official_excel_numeric_extracted	official_natcm_excel_parsed	government-run TCM-category hospitals	province-level physician workload and service-intensity mediator candidate	1188.967845659164	1082.968257894303	4.755871382636656	2.958929666377877	This table does not measure patient-level TCM use; it describes whether registered government-run TCM hospital physicians translate headcount capacity into outpatient/emergency and inpatient service workload.
甘肃省	2013	natcm_2013_b38	National Administration of Traditional Chinese Medicine 2013 National TCM Statistical Extract	http://www.natcm.gov.cn/2020tjzb/%E5%85%A8%E5%9B%BD%E4%B8%AD%E5%8C%BB%E8%8D%AF%E7%BB%9F%E8%AE%A1%E6%91%98%E7%BC%96/atog/2013/B38.xls	2013	B38	2013年政府办中医类医院按地区分医院医师工作效率	official_excel_numeric_extracted	official_natcm_excel_parsed	government-run TCM-category hospitals	province-level physician workload and service-intensity mediator candidate	1699.8993681254387	1144.008190966534	6.799597472501755	3.1257054397992734	This table does not measure patient-level TCM use; it describes whether registered government-run TCM hospital physicians translate headcount capacity into outpatient/emergency and inpatient service workload.
福建省	2013	natcm_2013_b38	National Administration of Traditional Chinese Medicine 2013 National TCM Statistical Extract	http://www.natcm.gov.cn/2020tjzb/%E5%85%A8%E5%9B%BD%E4%B8%AD%E5%8C%BB%E8%8D%AF%E7%BB%9F%E8%AE%A1%E6%91%98%E7%BC%96/atog/2013/B38.xls	2013	B38	2013年政府办中医类医院按地区分医院医师工作效率	official_excel_numeric_extracted	official_natcm_excel_parsed	government-run TCM-category hospitals	province-level physician workload and service-intensity mediator candidate	2647.1502117953733	845.0262300423591	10.588600847181493	2.308814836181309	This table does not measure patient-level TCM use; it describes whether registered government-run TCM hospital physicians translate headcount capacity into outpatient/emergency and inpatient service workload.
西藏自治区	2013	natcm_2013_b38	National Administration of Traditional Chinese Medicine 2013 National TCM Statistical Extract	http://www.natcm.gov.cn/2020tjzb/%E5%85%A8%E5%9B%BD%E4%B8%AD%E5%8C%BB%E8%8D%AF%E7%BB%9F%E8%AE%A1%E6%91%98%E7%BC%96/atog/2013/B38.xls	2013	B38	2013年政府办中医类医院按地区分医院医师工作效率	official_excel_numeric_extracted	official_natcm_excel_parsed	government-run TCM-category hospitals	province-level physician workload and service-intensity mediator candidate	1504.2636534839924	520.2090395480226	6.0170546139359695	1.4213361736284773	This table does not measure patient-level TCM use; it describes whether registered government-run TCM hospital physicians translate headcount capacity into outpatient/emergency and inpatient service workload.
贵州省	2013	natcm_2013_b38	National Administration of Traditional Chinese Medicine 2013 National TCM Statistical Extract	http://www.natcm.gov.cn/2020tjzb/%E5%85%A8%E5%9B%BD%E4%B8%AD%E5%8C%BB%E8%8D%AF%E7%BB%9F%E8%AE%A1%E6%91%98%E7%BC%96/atog/2013/B38.xls	2013	B38	2013年政府办中医类医院按地区分医院医师工作效率	official_excel_numeric_extracted	official_natcm_excel_parsed	government-run TCM-category hospitals	province-level physician workload and service-intensity mediator candidate	1425.134908911866	1185.5605612998522	5.700539635647464	3.239236506283749	This table does not measure patient-level TCM use; it describes whether registered government-run TCM hospital physicians translate headcount capacity into outpatient/emergency and inpatient service workload.
辽宁省	2013	natcm_2013_b38	National Administration of Traditional Chinese Medicine 2013 National TCM Statistical Extract	http://www.natcm.gov.cn/2020tjzb/%E5%85%A8%E5%9B%BD%E4%B8%AD%E5%8C%BB%E8%8D%AF%E7%BB%9F%E8%AE%A1%E6%91%98%E7%BC%96/atog/2013/B38.xls	2013	B38	2013年政府办中医类医院按地区分医院医师工作效率	official_excel_numeric_extracted	official_natcm_excel_parsed	government-run TCM-category hospitals	province-level physician workload and service-intensity mediator candidate	1339.0945965951148	773.9499629903775	5.3563783863804595	2.1146173852196104	This table does not measure patient-level TCM use; it describes whether registered government-run TCM hospital physicians translate headcount capacity into outpatient/emergency and inpatient service workload.
重庆市	2013	natcm_2013_b38	National Administration of Traditional Chinese Medicine 2013 National TCM Statistical Extract	http://www.natcm.gov.cn/2020tjzb/%E5%85%A8%E5%9B%BD%E4%B8%AD%E5%8C%BB%E8%8D%AF%E7%BB%9F%E8%AE%A1%E6%91%98%E7%BC%96/atog/2013/B38.xls	2013	B38	2013年政府办中医类医院按地区分医院医师工作效率	official_excel_numeric_extracted	official_natcm_excel_parsed	government-run TCM-category hospitals	province-level physician workload and service-intensity mediator candidate	1898.338757062147	1191.1606779661015	7.593355028248587	3.254537371492081	This table does not measure patient-level TCM use; it describes whether registered government-run TCM hospital physicians translate headcount capacity into outpatient/emergency and inpatient service workload.
陕西省	2013	natcm_2013_b38	National Administration of Traditional Chinese Medicine 2013 National TCM Statistical Extract	http://www.natcm.gov.cn/2020tjzb/%E5%85%A8%E5%9B%BD%E4%B8%AD%E5%8C%BB%E8%8D%AF%E7%BB%9F%E8%AE%A1%E6%91%98%E7%BC%96/atog/2013/B38.xls	2013	B38	2013年政府办中医类医院按地区分医院医师工作效率	official_excel_numeric_extracted	official_natcm_excel_parsed	government-run TCM-category hospitals	province-level physician workload and service-intensity mediator candidate	1518.3596124937364	1071.8274594955735	6.073438449974946	2.9284903264906386	This table does not measure patient-level TCM use; it describes whether registered government-run TCM hospital physicians translate headcount capacity into outpatient/emergency and inpatient service workload.
青海省	2013	natcm_2013_b38	National Administration of Traditional Chinese Medicine 2013 National TCM Statistical Extract	http://www.natcm.gov.cn/2020tjzb/%E5%85%A8%E5%9B%BD%E4%B8%AD%E5%8C%BB%E8%8D%AF%E7%BB%9F%E8%AE%A1%E6%91%98%E7%BC%96/atog/2013/B38.xls	2013	B38	2013年政府办中医类医院按地区分医院医师工作效率	official_excel_numeric_extracted	official_natcm_excel_parsed	government-run TCM-category hospitals	province-level physician workload and service-intensity mediator candidate	1344.593165174939	851.9861676159478	5.378372660699756	2.327831059059967	This table does not measure patient-level TCM use; it describes whether registered government-run TCM hospital physicians translate headcount capacity into outpatient/emergency and inpatient service workload.
黑龙江省	2013	natcm_2013_b38	National Administration of Traditional Chinese Medicine 2013 National TCM Statistical Extract	http://www.natcm.gov.cn/2020tjzb/%E5%85%A8%E5%9B%BD%E4%B8%AD%E5%8C%BB%E8%8D%AF%E7%BB%9F%E8%AE%A1%E6%91%98%E7%BC%96/atog/2013/B38.xls	2013	B38	2013年政府办中医类医院按地区分医院医师工作效率	official_excel_numeric_extracted	official_natcm_excel_parsed	government-run TCM-category hospitals	province-level physician workload and service-intensity mediator candidate	1305.6894595401614	673.6693042699313	5.222757838160645	1.8406265143987195	This table does not measure patient-level TCM use; it describes whether registered government-run TCM hospital physicians translate headcount capacity into outpatient/emergency and inpatient service workload.
上海市	2015	natcm_2015_b38	National Administration of Traditional Chinese Medicine 2015 National TCM Statistical Extract	http://www.natcm.gov.cn/2020tjzb/%E5%85%A8%E5%9B%BD%E4%B8%AD%E5%8C%BB%E8%8D%AF%E7%BB%9F%E8%AE%A1%E6%91%98%E7%BC%96/atog/2015/B38.xls	2015	B38	2015年政府办中医类医院按地区分医院医师工作效率	official_excel_numeric_extracted	official_natcm_excel_parsed	government-run TCM-category hospitals	province-level physician workload and service-intensity mediator candidate	4853.92	715.37	19.42	1.96	This table does not measure patient-level TCM use; it describes whether registered government-run TCM hospital physicians translate headcount capacity into outpatient/emergency and inpatient service workload.
云南省	2015	natcm_2015_b38	National Administration of Traditional Chinese Medicine 2015 National TCM Statistical Extract	http://www.natcm.gov.cn/2020tjzb/%E5%85%A8%E5%9B%BD%E4%B8%AD%E5%8C%BB%E8%8D%AF%E7%BB%9F%E8%AE%A1%E6%91%98%E7%BC%96/atog/2015/B38.xls	2015	B38	2015年政府办中医类医院按地区分医院医师工作效率	official_excel_numeric_extracted	official_natcm_excel_parsed	government-run TCM-category hospitals	province-level physician workload and service-intensity mediator candidate	2373.72	1198.66	9.49	3.28	This table does not measure patient-level TCM use; it describes whether registered government-run TCM hospital physicians translate headcount capacity into outpatient/emergency and inpatient service workload.
内蒙古自治区	2015	natcm_2015_b38	National Administration of Traditional Chinese Medicine 2015 National TCM Statistical Extract	http://www.natcm.gov.cn/2020tjzb/%E5%85%A8%E5%9B%BD%E4%B8%AD%E5%8C%BB%E8%8D%AF%E7%BB%9F%E8%AE%A1%E6%91%98%E7%BC%96/atog/2015/B38.xls	2015	B38	2015年政府办中医类医院按地区分医院医师工作效率	official_excel_numeric_extracted	official_natcm_excel_parsed	government-run TCM-category hospitals	province-level physician workload and service-intensity mediator candidate	1381.44	610.51	5.53	1.67	This table does not measure patient-level TCM use; it describes whether registered government-run TCM hospital physicians translate headcount capacity into outpatient/emergency and inpatient service workload.
北京市	2015	natcm_2015_b38	National Administration of Traditional Chinese Medicine 2015 National TCM Statistical Extract	http://www.natcm.gov.cn/2020tjzb/%E5%85%A8%E5%9B%BD%E4%B8%AD%E5%8C%BB%E8%8D%AF%E7%BB%9F%E8%AE%A1%E6%91%98%E7%BC%96/atog/2015/B38.xls	2015	B38	2015年政府办中医类医院按地区分医院医师工作效率	official_excel_numeric_extracted	official_natcm_excel_parsed	government-run TCM-category hospitals	province-level physician workload and service-intensity mediator candidate	3877.83	546.67	15.51	1.5	This table does not measure patient-level TCM use; it describes whether registered government-run TCM hospital physicians translate headcount capacity into outpatient/emergency and inpatient service workload.
吉林省	2015	natcm_2015_b38	National Administration of Traditional Chinese Medicine 2015 National TCM Statistical Extract	http://www.natcm.gov.cn/2020tjzb/%E5%85%A8%E5%9B%BD%E4%B8%AD%E5%8C%BB%E8%8D%AF%E7%BB%9F%E8%AE%A1%E6%91%98%E7%BC%96/atog/2015/B38.xls	2015	B38	2015年政府办中医类医院按地区分医院医师工作效率	official_excel_numeric_extracted	official_natcm_excel_parsed	government-run TCM-category hospitals	province-level physician workload and service-intensity mediator candidate	1363.73	624.63	5.45	1.71	This table does not measure patient-level TCM use; it describes whether registered government-run TCM hospital physicians translate headcount capacity into outpatient/emergency and inpatient service workload.
四川省	2015	natcm_2015_b38	National Administration of Traditional Chinese Medicine 2015 National TCM Statistical Extract	http://www.natcm.gov.cn/2020tjzb/%E5%85%A8%E5%9B%BD%E4%B8%AD%E5%8C%BB%E8%8D%AF%E7%BB%9F%E8%AE%A1%E6%91%98%E7%BC%96/atog/2015/B38.xls	2015	B38	2015年政府办中医类医院按地区分医院医师工作效率	official_excel_numeric_extracted	official_natcm_excel_parsed	government-run TCM-category hospitals	province-level physician workload and service-intensity mediator candidate	1885.61	1125.75	7.54	3.08	This table does not measure patient-level TCM use; it describes whether registered government-run TCM hospital physicians translate headcount capacity into outpatient/emergency and inpatient service workload.
天津市	2015	natcm_2015_b38	National Administration of Traditional Chinese Medicine 2015 National TCM Statistical Extract	http://www.natcm.gov.cn/2020tjzb/%E5%85%A8%E5%9B%BD%E4%B8%AD%E5%8C%BB%E8%8D%AF%E7%BB%9F%E8%AE%A1%E6%91%98%E7%BC%96/atog/2015/B38.xls	2015	B38	2015年政府办中医类医院按地区分医院医师工作效率	official_excel_numeric_extracted	official_natcm_excel_parsed	government-run TCM-category hospitals	province-level physician workload and service-intensity mediator candidate	3164.14	564.08	12.66	1.55	This table does not measure patient-level TCM use; it describes whether registered government-run TCM hospital physicians translate headcount capacity into outpatient/emergency and inpatient service workload.
宁夏回族自治区	2015	natcm_2015_b38	National Administration of Traditional Chinese Medicine 2015 National TCM Statistical Extract	http://www.natcm.gov.cn/2020tjzb/%E5%85%A8%E5%9B%BD%E4%B8%AD%E5%8C%BB%E8%8D%AF%E7%BB%9F%E8%AE%A1%E6%91%98%E7%BC%96/atog/2015/B38.xls	2015	B38	2015年政府办中医类医院按地区分医院医师工作效率	official_excel_numeric_extracted	official_natcm_excel_parsed	government-run TCM-category hospitals	province-level physician workload and service-intensity mediator candidate	2406.16	907.3	9.62	2.49	This table does not measure patient-level TCM use; it describes whether registered government-run TCM hospital physicians translate headcount capacity into outpatient/emergency and inpatient service workload.
安徽省	2015	natcm_2015_b38	National Administration of Traditional Chinese Medicine 2015 National TCM Statistical Extract	http://www.natcm.gov.cn/2020tjzb/%E5%85%A8%E5%9B%BD%E4%B8%AD%E5%8C%BB%E8%8D%AF%E7%BB%9F%E8%AE%A1%E6%91%98%E7%BC%96/atog/2015/B38.xls	2015	B38	2015年政府办中医类医院按地区分医院医师工作效率	official_excel_numeric_extracted	official_natcm_excel_parsed	government-run TCM-category hospitals	province-level physician workload and service-intensity mediator candidate	1686.88	1037.95	6.75	2.84	This table does not measure patient-level TCM use; it describes whether registered government-run TCM hospital physicians translate headcount capacity into outpatient/emergency and inpatient service workload.
山东省	2015	natcm_2015_b38	National Administration of Traditional Chinese Medicine 2015 National TCM Statistical Extract	http://www.natcm.gov.cn/2020tjzb/%E5%85%A8%E5%9B%BD%E4%B8%AD%E5%8C%BB%E8%8D%AF%E7%BB%9F%E8%AE%A1%E6%91%98%E7%BC%96/atog/2015/B38.xls	2015	B38	2015年政府办中医类医院按地区分医院医师工作效率	official_excel_numeric_extracted	official_natcm_excel_parsed	government-run TCM-category hospitals	province-level physician workload and service-intensity mediator candidate	1309.46	793.23	5.24	2.17	This table does not measure patient-level TCM use; it describes whether registered government-run TCM hospital physicians translate headcount capacity into outpatient/emergency and inpatient service workload.
山西省	2015	natcm_2015_b38	National Administration of Traditional Chinese Medicine 2015 National TCM Statistical Extract	http://www.natcm.gov.cn/2020tjzb/%E5%85%A8%E5%9B%BD%E4%B8%AD%E5%8C%BB%E8%8D%AF%E7%BB%9F%E8%AE%A1%E6%91%98%E7%BC%96/atog/2015/B38.xls	2015	B38	2015年政府办中医类医院按地区分医院医师工作效率	official_excel_numeric_extracted	official_natcm_excel_parsed	government-run TCM-category hospitals	province-level physician workload and service-intensity mediator candidate	1128.79	611.2	4.52	1.67	This table does not measure patient-level TCM use; it describes whether registered government-run TCM hospital physicians translate headcount capacity into outpatient/emergency and inpatient service workload.
广东省	2015	natcm_2015_b38	National Administration of Traditional Chinese Medicine 2015 National TCM Statistical Extract	http://www.natcm.gov.cn/2020tjzb/%E5%85%A8%E5%9B%BD%E4%B8%AD%E5%8C%BB%E8%8D%AF%E7%BB%9F%E8%AE%A1%E6%91%98%E7%BC%96/atog/2015/B38.xls	2015	B38	2015年政府办中医类医院按地区分医院医师工作效率	official_excel_numeric_extracted	official_natcm_excel_parsed	government-run TCM-category hospitals	province-level physician workload and service-intensity mediator candidate	3117.07	751.84	12.47	2.06	This table does not measure patient-level TCM use; it describes whether registered government-run TCM hospital physicians translate headcount capacity into outpatient/emergency and inpatient service workload.
广西壮族自治区	2015	natcm_2015_b38	National Administration of Traditional Chinese Medicine 2015 National TCM Statistical Extract	http://www.natcm.gov.cn/2020tjzb/%E5%85%A8%E5%9B%BD%E4%B8%AD%E5%8C%BB%E8%8D%AF%E7%BB%9F%E8%AE%A1%E6%91%98%E7%BC%96/atog/2015/B38.xls	2015	B38	2015年政府办中医类医院按地区分医院医师工作效率	official_excel_numeric_extracted	official_natcm_excel_parsed	government-run TCM-category hospitals	province-level physician workload and service-intensity mediator candidate	1905.18	852.94	7.62	2.34	This table does not measure patient-level TCM use; it describes whether registered government-run TCM hospital physicians translate headcount capacity into outpatient/emergency and inpatient service workload.
新疆维吾尔自治区	2015	natcm_2015_b38	National Administration of Traditional Chinese Medicine 2015 National TCM Statistical Extract	http://www.natcm.gov.cn/2020tjzb/%E5%85%A8%E5%9B%BD%E4%B8%AD%E5%8C%BB%E8%8D%AF%E7%BB%9F%E8%AE%A1%E6%91%98%E7%BC%96/atog/2015/B38.xls	2015	B38	2015年政府办中医类医院按地区分医院医师工作效率	official_excel_numeric_extracted	official_natcm_excel_parsed	government-run TCM-category hospitals	province-level physician workload and service-intensity mediator candidate	1479.94	1347.27	5.92	3.69	This table does not measure patient-level TCM use; it describes whether registered government-run TCM hospital physicians translate headcount capacity into outpatient/emergency and inpatient service workload.
江苏省	2015	natcm_2015_b38	National Administration of Traditional Chinese Medicine 2015 National TCM Statistical Extract	http://www.natcm.gov.cn/2020tjzb/%E5%85%A8%E5%9B%BD%E4%B8%AD%E5%8C%BB%E8%8D%AF%E7%BB%9F%E8%AE%A1%E6%91%98%E7%BC%96/atog/2015/B38.xls	2015	B38	2015年政府办中医类医院按地区分医院医师工作效率	official_excel_numeric_extracted	official_natcm_excel_parsed	government-run TCM-category hospitals	province-level physician workload and service-intensity mediator candidate	2567.06	809.95	10.27	2.22	This table does not measure patient-level TCM use; it describes whether registered government-run TCM hospital physicians translate headcount capacity into outpatient/emergency and inpatient service workload.
江西省	2015	natcm_2015_b38	National Administration of Traditional Chinese Medicine 2015 National TCM Statistical Extract	http://www.natcm.gov.cn/2020tjzb/%E5%85%A8%E5%9B%BD%E4%B8%AD%E5%8C%BB%E8%8D%AF%E7%BB%9F%E8%AE%A1%E6%91%98%E7%BC%96/atog/2015/B38.xls	2015	B38	2015年政府办中医类医院按地区分医院医师工作效率	official_excel_numeric_extracted	official_natcm_excel_parsed	government-run TCM-category hospitals	province-level physician workload and service-intensity mediator candidate	1520.79	986.24	6.08	2.7	This table does not measure patient-level TCM use; it describes whether registered government-run TCM hospital physicians translate headcount capacity into outpatient/emergency and inpatient service workload.
河北省	2015	natcm_2015_b38	National Administration of Traditional Chinese Medicine 2015 National TCM Statistical Extract	http://www.natcm.gov.cn/2020tjzb/%E5%85%A8%E5%9B%BD%E4%B8%AD%E5%8C%BB%E8%8D%AF%E7%BB%9F%E8%AE%A1%E6%91%98%E7%BC%96/atog/2015/B38.xls	2015	B38	2015年政府办中医类医院按地区分医院医师工作效率	official_excel_numeric_extracted	official_natcm_excel_parsed	government-run TCM-category hospitals	province-level physician workload and service-intensity mediator candidate	1299.39	702.11	5.2	1.92	This table does not measure patient-level TCM use; it describes whether registered government-run TCM hospital physicians translate headcount capacity into outpatient/emergency and inpatient service workload.
河南省	2015	natcm_2015_b38	National Administration of Traditional Chinese Medicine 2015 National TCM Statistical Extract	http://www.natcm.gov.cn/2020tjzb/%E5%85%A8%E5%9B%BD%E4%B8%AD%E5%8C%BB%E8%8D%AF%E7%BB%9F%E8%AE%A1%E6%91%98%E7%BC%96/atog/2015/B38.xls	2015	B38	2015年政府办中医类医院按地区分医院医师工作效率	official_excel_numeric_extracted	official_natcm_excel_parsed	government-run TCM-category hospitals	province-level physician workload and service-intensity mediator candidate	1580.56	870.31	6.32	2.38	This table does not measure patient-level TCM use; it describes whether registered government-run TCM hospital physicians translate headcount capacity into outpatient/emergency and inpatient service workload.
浙江省	2015	natcm_2015_b38	National Administration of Traditional Chinese Medicine 2015 National TCM Statistical Extract	http://www.natcm.gov.cn/2020tjzb/%E5%85%A8%E5%9B%BD%E4%B8%AD%E5%8C%BB%E8%8D%AF%E7%BB%9F%E8%AE%A1%E6%91%98%E7%BC%96/atog/2015/B38.xls	2015	B38	2015年政府办中医类医院按地区分医院医师工作效率	official_excel_numeric_extracted	official_natcm_excel_parsed	government-run TCM-category hospitals	province-level physician workload and service-intensity mediator candidate	3297.27	707.9	13.19	1.94	This table does not measure patient-level TCM use; it describes whether registered government-run TCM hospital physicians translate headcount capacity into outpatient/emergency and inpatient service workload.
海南省	2015	natcm_2015_b38	National Administration of Traditional Chinese Medicine 2015 National TCM Statistical Extract	http://www.natcm.gov.cn/2020tjzb/%E5%85%A8%E5%9B%BD%E4%B8%AD%E5%8C%BB%E8%8D%AF%E7%BB%9F%E8%AE%A1%E6%91%98%E7%BC%96/atog/2015/B38.xls	2015	B38	2015年政府办中医类医院按地区分医院医师工作效率	official_excel_numeric_extracted	official_natcm_excel_parsed	government-run TCM-category hospitals	province-level physician workload and service-intensity mediator candidate	1763.5	692.32	7.05	1.9	This table does not measure patient-level TCM use; it describes whether registered government-run TCM hospital physicians translate headcount capacity into outpatient/emergency and inpatient service workload.
湖北省	2015	natcm_2015_b38	National Administration of Traditional Chinese Medicine 2015 National TCM Statistical Extract	http://www.natcm.gov.cn/2020tjzb/%E5%85%A8%E5%9B%BD%E4%B8%AD%E5%8C%BB%E8%8D%AF%E7%BB%9F%E8%AE%A1%E6%91%98%E7%BC%96/atog/2015/B38.xls	2015	B38	2015年政府办中医类医院按地区分医院医师工作效率	official_excel_numeric_extracted	official_natcm_excel_parsed	government-run TCM-category hospitals	province-level physician workload and service-intensity mediator candidate	1756.47	1079.86	7.03	2.96	This table does not measure patient-level TCM use; it describes whether registered government-run TCM hospital physicians translate headcount capacity into outpatient/emergency and inpatient service workload.
湖南省	2015	natcm_2015_b38	National Administration of Traditional Chinese Medicine 2015 National TCM Statistical Extract	http://www.natcm.gov.cn/2020tjzb/%E5%85%A8%E5%9B%BD%E4%B8%AD%E5%8C%BB%E8%8D%AF%E7%BB%9F%E8%AE%A1%E6%91%98%E7%BC%96/atog/2015/B38.xls	2015	B38	2015年政府办中医类医院按地区分医院医师工作效率	official_excel_numeric_extracted	official_natcm_excel_parsed	government-run TCM-category hospitals	province-level physician workload and service-intensity mediator candidate	1130.4	981.22	4.52	2.69	This table does not measure patient-level TCM use; it describes whether registered government-run TCM hospital physicians translate headcount capacity into outpatient/emergency and inpatient service workload.
甘肃省	2015	natcm_2015_b38	National Administration of Traditional Chinese Medicine 2015 National TCM Statistical Extract	http://www.natcm.gov.cn/2020tjzb/%E5%85%A8%E5%9B%BD%E4%B8%AD%E5%8C%BB%E8%8D%AF%E7%BB%9F%E8%AE%A1%E6%91%98%E7%BC%96/atog/2015/B38.xls	2015	B38	2015年政府办中医类医院按地区分医院医师工作效率	official_excel_numeric_extracted	official_natcm_excel_parsed	government-run TCM-category hospitals	province-level physician workload and service-intensity mediator candidate	1658.25	1139.69	6.63	3.12	This table does not measure patient-level TCM use; it describes whether registered government-run TCM hospital physicians translate headcount capacity into outpatient/emergency and inpatient service workload.
福建省	2015	natcm_2015_b38	National Administration of Traditional Chinese Medicine 2015 National TCM Statistical Extract	http://www.natcm.gov.cn/2020tjzb/%E5%85%A8%E5%9B%BD%E4%B8%AD%E5%8C%BB%E8%8D%AF%E7%BB%9F%E8%AE%A1%E6%91%98%E7%BC%96/atog/2015/B38.xls	2015	B38	2015年政府办中医类医院按地区分医院医师工作效率	official_excel_numeric_extracted	official_natcm_excel_parsed	government-run TCM-category hospitals	province-level physician workload and service-intensity mediator candidate	2470.21	732.37	9.88	2.01	This table does not measure patient-level TCM use; it describes whether registered government-run TCM hospital physicians translate headcount capacity into outpatient/emergency and inpatient service workload.
西藏自治区	2015	natcm_2015_b38	National Administration of Traditional Chinese Medicine 2015 National TCM Statistical Extract	http://www.natcm.gov.cn/2020tjzb/%E5%85%A8%E5%9B%BD%E4%B8%AD%E5%8C%BB%E8%8D%AF%E7%BB%9F%E8%AE%A1%E6%91%98%E7%BC%96/atog/2015/B38.xls	2015	B38	2015年政府办中医类医院按地区分医院医师工作效率	official_excel_numeric_extracted	official_natcm_excel_parsed	government-run TCM-category hospitals	province-level physician workload and service-intensity mediator candidate	1532.21	566.54	6.13	1.55	This table does not measure patient-level TCM use; it describes whether registered government-run TCM hospital physicians translate headcount capacity into outpatient/emergency and inpatient service workload.
贵州省	2015	natcm_2015_b38	National Administration of Traditional Chinese Medicine 2015 National TCM Statistical Extract	http://www.natcm.gov.cn/2020tjzb/%E5%85%A8%E5%9B%BD%E4%B8%AD%E5%8C%BB%E8%8D%AF%E7%BB%9F%E8%AE%A1%E6%91%98%E7%BC%96/atog/2015/B38.xls	2015	B38	2015年政府办中医类医院按地区分医院医师工作效率	official_excel_numeric_extracted	official_natcm_excel_parsed	government-run TCM-category hospitals	province-level physician workload and service-intensity mediator candidate	1410.61	1193.87	5.64	3.27	This table does not measure patient-level TCM use; it describes whether registered government-run TCM hospital physicians translate headcount capacity into outpatient/emergency and inpatient service workload.
辽宁省	2015	natcm_2015_b38	National Administration of Traditional Chinese Medicine 2015 National TCM Statistical Extract	http://www.natcm.gov.cn/2020tjzb/%E5%85%A8%E5%9B%BD%E4%B8%AD%E5%8C%BB%E8%8D%AF%E7%BB%9F%E8%AE%A1%E6%91%98%E7%BC%96/atog/2015/B38.xls	2015	B38	2015年政府办中医类医院按地区分医院医师工作效率	official_excel_numeric_extracted	official_natcm_excel_parsed	government-run TCM-category hospitals	province-level physician workload and service-intensity mediator candidate	1320.86	828.61	5.28	2.27	This table does not measure patient-level TCM use; it describes whether registered government-run TCM hospital physicians translate headcount capacity into outpatient/emergency and inpatient service workload.
重庆市	2015	natcm_2015_b38	National Administration of Traditional Chinese Medicine 2015 National TCM Statistical Extract	http://www.natcm.gov.cn/2020tjzb/%E5%85%A8%E5%9B%BD%E4%B8%AD%E5%8C%BB%E8%8D%AF%E7%BB%9F%E8%AE%A1%E6%91%98%E7%BC%96/atog/2015/B38.xls	2015	B38	2015年政府办中医类医院按地区分医院医师工作效率	official_excel_numeric_extracted	official_natcm_excel_parsed	government-run TCM-category hospitals	province-level physician workload and service-intensity mediator candidate	2112.19	1230.71	8.45	3.37	This table does not measure patient-level TCM use; it describes whether registered government-run TCM hospital physicians translate headcount capacity into outpatient/emergency and inpatient service workload.
陕西省	2015	natcm_2015_b38	National Administration of Traditional Chinese Medicine 2015 National TCM Statistical Extract	http://www.natcm.gov.cn/2020tjzb/%E5%85%A8%E5%9B%BD%E4%B8%AD%E5%8C%BB%E8%8D%AF%E7%BB%9F%E8%AE%A1%E6%91%98%E7%BC%96/atog/2015/B38.xls	2015	B38	2015年政府办中医类医院按地区分医院医师工作效率	official_excel_numeric_extracted	official_natcm_excel_parsed	government-run TCM-category hospitals	province-level physician workload and service-intensity mediator candidate	1555.53	1075.74	6.22	2.95	This table does not measure patient-level TCM use; it describes whether registered government-run TCM hospital physicians translate headcount capacity into outpatient/emergency and inpatient service workload.
青海省	2015	natcm_2015_b38	National Administration of Traditional Chinese Medicine 2015 National TCM Statistical Extract	http://www.natcm.gov.cn/2020tjzb/%E5%85%A8%E5%9B%BD%E4%B8%AD%E5%8C%BB%E8%8D%AF%E7%BB%9F%E8%AE%A1%E6%91%98%E7%BC%96/atog/2015/B38.xls	2015	B38	2015年政府办中医类医院按地区分医院医师工作效率	official_excel_numeric_extracted	official_natcm_excel_parsed	government-run TCM-category hospitals	province-level physician workload and service-intensity mediator candidate	1540.19	895.9	6.16	2.45	This table does not measure patient-level TCM use; it describes whether registered government-run TCM hospital physicians translate headcount capacity into outpatient/emergency and inpatient service workload.
黑龙江省	2015	natcm_2015_b38	National Administration of Traditional Chinese Medicine 2015 National TCM Statistical Extract	http://www.natcm.gov.cn/2020tjzb/%E5%85%A8%E5%9B%BD%E4%B8%AD%E5%8C%BB%E8%8D%AF%E7%BB%9F%E8%AE%A1%E6%91%98%E7%BC%96/atog/2015/B38.xls	2015	B38	2015年政府办中医类医院按地区分医院医师工作效率	official_excel_numeric_extracted	official_natcm_excel_parsed	government-run TCM-category hospitals	province-level physician workload and service-intensity mediator candidate	1243.82	742.8	4.98	2.04	This table does not measure patient-level TCM use; it describes whether registered government-run TCM hospital physicians translate headcount capacity into outpatient/emergency and inpatient service workload.
上海市	2018	natcm_2018_b38	National Administration of Traditional Chinese Medicine 2018 National TCM Statistical Extract	http://www.natcm.gov.cn/2020tjzb/%E5%85%A8%E5%9B%BD%E4%B8%AD%E5%8C%BB%E8%8D%AF%E7%BB%9F%E8%AE%A1%E6%91%98%E7%BC%96/atog/2018/B38.xls	2018	B38	2018年政府办中医类医院按地区分医院医师工作效率	official_excel_numeric_extracted	official_natcm_excel_parsed	government-run TCM-category hospitals	province-level physician workload and service-intensity mediator candidate	4631.1	694.86	18.45	1.9	This table does not measure patient-level TCM use; it describes whether registered government-run TCM hospital physicians translate headcount capacity into outpatient/emergency and inpatient service workload.
云南省	2018	natcm_2018_b38	National Administration of Traditional Chinese Medicine 2018 National TCM Statistical Extract	http://www.natcm.gov.cn/2020tjzb/%E5%85%A8%E5%9B%BD%E4%B8%AD%E5%8C%BB%E8%8D%AF%E7%BB%9F%E8%AE%A1%E6%91%98%E7%BC%96/atog/2018/B38.xls	2018	B38	2018年政府办中医类医院按地区分医院医师工作效率	official_excel_numeric_extracted	official_natcm_excel_parsed	government-run TCM-category hospitals	province-level physician workload and service-intensity mediator candidate	2131.72	1153.58	8.49	3.16	This table does not measure patient-level TCM use; it describes whether registered government-run TCM hospital physicians translate headcount capacity into outpatient/emergency and inpatient service workload.
内蒙古自治区	2018	natcm_2018_b38	National Administration of Traditional Chinese Medicine 2018 National TCM Statistical Extract	http://www.natcm.gov.cn/2020tjzb/%E5%85%A8%E5%9B%BD%E4%B8%AD%E5%8C%BB%E8%8D%AF%E7%BB%9F%E8%AE%A1%E6%91%98%E7%BC%96/atog/2018/B38.xls	2018	B38	2018年政府办中医类医院按地区分医院医师工作效率	official_excel_numeric_extracted	official_natcm_excel_parsed	government-run TCM-category hospitals	province-level physician workload and service-intensity mediator candidate	1225.93	673.39	4.88	1.84	This table does not measure patient-level TCM use; it describes whether registered government-run TCM hospital physicians translate headcount capacity into outpatient/emergency and inpatient service workload.
北京市	2018	natcm_2018_b38	National Administration of Traditional Chinese Medicine 2018 National TCM Statistical Extract	http://www.natcm.gov.cn/2020tjzb/%E5%85%A8%E5%9B%BD%E4%B8%AD%E5%8C%BB%E8%8D%AF%E7%BB%9F%E8%AE%A1%E6%91%98%E7%BC%96/atog/2018/B38.xls	2018	B38	2018年政府办中医类医院按地区分医院医师工作效率	official_excel_numeric_extracted	official_natcm_excel_parsed	government-run TCM-category hospitals	province-level physician workload and service-intensity mediator candidate	3049.22	508.15	12.15	1.39	This table does not measure patient-level TCM use; it describes whether registered government-run TCM hospital physicians translate headcount capacity into outpatient/emergency and inpatient service workload.
吉林省	2018	natcm_2018_b38	National Administration of Traditional Chinese Medicine 2018 National TCM Statistical Extract	http://www.natcm.gov.cn/2020tjzb/%E5%85%A8%E5%9B%BD%E4%B8%AD%E5%8C%BB%E8%8D%AF%E7%BB%9F%E8%AE%A1%E6%91%98%E7%BC%96/atog/2018/B38.xls	2018	B38	2018年政府办中医类医院按地区分医院医师工作效率	official_excel_numeric_extracted	official_natcm_excel_parsed	government-run TCM-category hospitals	province-level physician workload and service-intensity mediator candidate	1302.63	637.47	5.19	1.75	This table does not measure patient-level TCM use; it describes whether registered government-run TCM hospital physicians translate headcount capacity into outpatient/emergency and inpatient service workload.
四川省	2018	natcm_2018_b38	National Administration of Traditional Chinese Medicine 2018 National TCM Statistical Extract	http://www.natcm.gov.cn/2020tjzb/%E5%85%A8%E5%9B%BD%E4%B8%AD%E5%8C%BB%E8%8D%AF%E7%BB%9F%E8%AE%A1%E6%91%98%E7%BC%96/atog/2018/B38.xls	2018	B38	2018年政府办中医类医院按地区分医院医师工作效率	official_excel_numeric_extracted	official_natcm_excel_parsed	government-run TCM-category hospitals	province-level physician workload and service-intensity mediator candidate	1896.95	1120.96	7.56	3.07	This table does not measure patient-level TCM use; it describes whether registered government-run TCM hospital physicians translate headcount capacity into outpatient/emergency and inpatient service workload.
天津市	2018	natcm_2018_b38	National Administration of Traditional Chinese Medicine 2018 National TCM Statistical Extract	http://www.natcm.gov.cn/2020tjzb/%E5%85%A8%E5%9B%BD%E4%B8%AD%E5%8C%BB%E8%8D%AF%E7%BB%9F%E8%AE%A1%E6%91%98%E7%BC%96/atog/2018/B38.xls	2018	B38	2018年政府办中医类医院按地区分医院医师工作效率	official_excel_numeric_extracted	official_natcm_excel_parsed	government-run TCM-category hospitals	province-level physician workload and service-intensity mediator candidate	2552.74	570.19	10.17	1.56	This table does not measure patient-level TCM use; it describes whether registered government-run TCM hospital physicians translate headcount capacity into outpatient/emergency and inpatient service workload.
宁夏回族自治区	2018	natcm_2018_b38	National Administration of Traditional Chinese Medicine 2018 National TCM Statistical Extract	http://www.natcm.gov.cn/2020tjzb/%E5%85%A8%E5%9B%BD%E4%B8%AD%E5%8C%BB%E8%8D%AF%E7%BB%9F%E8%AE%A1%E6%91%98%E7%BC%96/atog/2018/B38.xls	2018	B38	2018年政府办中医类医院按地区分医院医师工作效率	official_excel_numeric_extracted	official_natcm_excel_parsed	government-run TCM-category hospitals	province-level physician workload and service-intensity mediator candidate	2324.15	895.92	9.26	2.45	This table does not measure patient-level TCM use; it describes whether registered government-run TCM hospital physicians translate headcount capacity into outpatient/emergency and inpatient service workload.
安徽省	2018	natcm_2018_b38	National Administration of Traditional Chinese Medicine 2018 National TCM Statistical Extract	http://www.natcm.gov.cn/2020tjzb/%E5%85%A8%E5%9B%BD%E4%B8%AD%E5%8C%BB%E8%8D%AF%E7%BB%9F%E8%AE%A1%E6%91%98%E7%BC%96/atog/2018/B38.xls	2018	B38	2018年政府办中医类医院按地区分医院医师工作效率	official_excel_numeric_extracted	official_natcm_excel_parsed	government-run TCM-category hospitals	province-level physician workload and service-intensity mediator candidate	1664.39	1053.13	6.63	2.89	This table does not measure patient-level TCM use; it describes whether registered government-run TCM hospital physicians translate headcount capacity into outpatient/emergency and inpatient service workload.
山东省	2018	natcm_2018_b38	National Administration of Traditional Chinese Medicine 2018 National TCM Statistical Extract	http://www.natcm.gov.cn/2020tjzb/%E5%85%A8%E5%9B%BD%E4%B8%AD%E5%8C%BB%E8%8D%AF%E7%BB%9F%E8%AE%A1%E6%91%98%E7%BC%96/atog/2018/B38.xls	2018	B38	2018年政府办中医类医院按地区分医院医师工作效率	official_excel_numeric_extracted	official_natcm_excel_parsed	government-run TCM-category hospitals	province-level physician workload and service-intensity mediator candidate	1274.56	749.67	5.08	2.05	This table does not measure patient-level TCM use; it describes whether registered government-run TCM hospital physicians translate headcount capacity into outpatient/emergency and inpatient service workload.
山西省	2018	natcm_2018_b38	National Administration of Traditional Chinese Medicine 2018 National TCM Statistical Extract	http://www.natcm.gov.cn/2020tjzb/%E5%85%A8%E5%9B%BD%E4%B8%AD%E5%8C%BB%E8%8D%AF%E7%BB%9F%E8%AE%A1%E6%91%98%E7%BC%96/atog/2018/B38.xls	2018	B38	2018年政府办中医类医院按地区分医院医师工作效率	official_excel_numeric_extracted	official_natcm_excel_parsed	government-run TCM-category hospitals	province-level physician workload and service-intensity mediator candidate	1228.92	682.81	4.9	1.87	This table does not measure patient-level TCM use; it describes whether registered government-run TCM hospital physicians translate headcount capacity into outpatient/emergency and inpatient service workload.
广东省	2018	natcm_2018_b38	National Administration of Traditional Chinese Medicine 2018 National TCM Statistical Extract	http://www.natcm.gov.cn/2020tjzb/%E5%85%A8%E5%9B%BD%E4%B8%AD%E5%8C%BB%E8%8D%AF%E7%BB%9F%E8%AE%A1%E6%91%98%E7%BC%96/atog/2018/B38.xls	2018	B38	2018年政府办中医类医院按地区分医院医师工作效率	official_excel_numeric_extracted	official_natcm_excel_parsed	government-run TCM-category hospitals	province-level physician workload and service-intensity mediator candidate	2735.7	761.58	10.9	2.09	This table does not measure patient-level TCM use; it describes whether registered government-run TCM hospital physicians translate headcount capacity into outpatient/emergency and inpatient service workload.
广西壮族自治区	2018	natcm_2018_b38	National Administration of Traditional Chinese Medicine 2018 National TCM Statistical Extract	http://www.natcm.gov.cn/2020tjzb/%E5%85%A8%E5%9B%BD%E4%B8%AD%E5%8C%BB%E8%8D%AF%E7%BB%9F%E8%AE%A1%E6%91%98%E7%BC%96/atog/2018/B38.xls	2018	B38	2018年政府办中医类医院按地区分医院医师工作效率	official_excel_numeric_extracted	official_natcm_excel_parsed	government-run TCM-category hospitals	province-level physician workload and service-intensity mediator candidate	1768.11	868.59	7.04	2.38	This table does not measure patient-level TCM use; it describes whether registered government-run TCM hospital physicians translate headcount capacity into outpatient/emergency and inpatient service workload.
新疆维吾尔自治区	2018	natcm_2018_b38	National Administration of Traditional Chinese Medicine 2018 National TCM Statistical Extract	http://www.natcm.gov.cn/2020tjzb/%E5%85%A8%E5%9B%BD%E4%B8%AD%E5%8C%BB%E8%8D%AF%E7%BB%9F%E8%AE%A1%E6%91%98%E7%BC%96/atog/2018/B38.xls	2018	B38	2018年政府办中医类医院按地区分医院医师工作效率	official_excel_numeric_extracted	official_natcm_excel_parsed	government-run TCM-category hospitals	province-level physician workload and service-intensity mediator candidate	1277.38	1186.53	5.09	3.25	This table does not measure patient-level TCM use; it describes whether registered government-run TCM hospital physicians translate headcount capacity into outpatient/emergency and inpatient service workload.
江苏省	2018	natcm_2018_b38	National Administration of Traditional Chinese Medicine 2018 National TCM Statistical Extract	http://www.natcm.gov.cn/2020tjzb/%E5%85%A8%E5%9B%BD%E4%B8%AD%E5%8C%BB%E8%8D%AF%E7%BB%9F%E8%AE%A1%E6%91%98%E7%BC%96/atog/2018/B38.xls	2018	B38	2018年政府办中医类医院按地区分医院医师工作效率	official_excel_numeric_extracted	official_natcm_excel_parsed	government-run TCM-category hospitals	province-level physician workload and service-intensity mediator candidate	2452.51	769.29	9.77	2.11	This table does not measure patient-level TCM use; it describes whether registered government-run TCM hospital physicians translate headcount capacity into outpatient/emergency and inpatient service workload.
江西省	2018	natcm_2018_b38	National Administration of Traditional Chinese Medicine 2018 National TCM Statistical Extract	http://www.natcm.gov.cn/2020tjzb/%E5%85%A8%E5%9B%BD%E4%B8%AD%E5%8C%BB%E8%8D%AF%E7%BB%9F%E8%AE%A1%E6%91%98%E7%BC%96/atog/2018/B38.xls	2018	B38	2018年政府办中医类医院按地区分医院医师工作效率	official_excel_numeric_extracted	official_natcm_excel_parsed	government-run TCM-category hospitals	province-level physician workload and service-intensity mediator candidate	1414.35	976.18	5.63	2.67	This table does not measure patient-level TCM use; it describes whether registered government-run TCM hospital physicians translate headcount capacity into outpatient/emergency and inpatient service workload.
河北省	2018	natcm_2018_b38	National Administration of Traditional Chinese Medicine 2018 National TCM Statistical Extract	http://www.natcm.gov.cn/2020tjzb/%E5%85%A8%E5%9B%BD%E4%B8%AD%E5%8C%BB%E8%8D%AF%E7%BB%9F%E8%AE%A1%E6%91%98%E7%BC%96/atog/2018/B38.xls	2018	B38	2018年政府办中医类医院按地区分医院医师工作效率	official_excel_numeric_extracted	official_natcm_excel_parsed	government-run TCM-category hospitals	province-level physician workload and service-intensity mediator candidate	1303.63	751.35	5.19	2.06	This table does not measure patient-level TCM use; it describes whether registered government-run TCM hospital physicians translate headcount capacity into outpatient/emergency and inpatient service workload.
河南省	2018	natcm_2018_b38	National Administration of Traditional Chinese Medicine 2018 National TCM Statistical Extract	http://www.natcm.gov.cn/2020tjzb/%E5%85%A8%E5%9B%BD%E4%B8%AD%E5%8C%BB%E8%8D%AF%E7%BB%9F%E8%AE%A1%E6%91%98%E7%BC%96/atog/2018/B38.xls	2018	B38	2018年政府办中医类医院按地区分医院医师工作效率	official_excel_numeric_extracted	official_natcm_excel_parsed	government-run TCM-category hospitals	province-level physician workload and service-intensity mediator candidate	1661.89	972.95	6.62	2.67	This table does not measure patient-level TCM use; it describes whether registered government-run TCM hospital physicians translate headcount capacity into outpatient/emergency and inpatient service workload.
浙江省	2018	natcm_2018_b38	National Administration of Traditional Chinese Medicine 2018 National TCM Statistical Extract	http://www.natcm.gov.cn/2020tjzb/%E5%85%A8%E5%9B%BD%E4%B8%AD%E5%8C%BB%E8%8D%AF%E7%BB%9F%E8%AE%A1%E6%91%98%E7%BC%96/atog/2018/B38.xls	2018	B38	2018年政府办中医类医院按地区分医院医师工作效率	official_excel_numeric_extracted	official_natcm_excel_parsed	government-run TCM-category hospitals	province-level physician workload and service-intensity mediator candidate	3128.18	737.13	12.46	2.02	This table does not measure patient-level TCM use; it describes whether registered government-run TCM hospital physicians translate headcount capacity into outpatient/emergency and inpatient service workload.
海南省	2018	natcm_2018_b38	National Administration of Traditional Chinese Medicine 2018 National TCM Statistical Extract	http://www.natcm.gov.cn/2020tjzb/%E5%85%A8%E5%9B%BD%E4%B8%AD%E5%8C%BB%E8%8D%AF%E7%BB%9F%E8%AE%A1%E6%91%98%E7%BC%96/atog/2018/B38.xls	2018	B38	2018年政府办中医类医院按地区分医院医师工作效率	official_excel_numeric_extracted	official_natcm_excel_parsed	government-run TCM-category hospitals	province-level physician workload and service-intensity mediator candidate	1816.82	672.03	7.24	1.84	This table does not measure patient-level TCM use; it describes whether registered government-run TCM hospital physicians translate headcount capacity into outpatient/emergency and inpatient service workload.
湖北省	2018	natcm_2018_b38	National Administration of Traditional Chinese Medicine 2018 National TCM Statistical Extract	http://www.natcm.gov.cn/2020tjzb/%E5%85%A8%E5%9B%BD%E4%B8%AD%E5%8C%BB%E8%8D%AF%E7%BB%9F%E8%AE%A1%E6%91%98%E7%BC%96/atog/2018/B38.xls	2018	B38	2018年政府办中医类医院按地区分医院医师工作效率	official_excel_numeric_extracted	official_natcm_excel_parsed	government-run TCM-category hospitals	province-level physician workload and service-intensity mediator candidate	1695.13	1079.15	6.75	2.96	This table does not measure patient-level TCM use; it describes whether registered government-run TCM hospital physicians translate headcount capacity into outpatient/emergency and inpatient service workload.
湖南省	2018	natcm_2018_b38	National Administration of Traditional Chinese Medicine 2018 National TCM Statistical Extract	http://www.natcm.gov.cn/2020tjzb/%E5%85%A8%E5%9B%BD%E4%B8%AD%E5%8C%BB%E8%8D%AF%E7%BB%9F%E8%AE%A1%E6%91%98%E7%BC%96/atog/2018/B38.xls	2018	B38	2018年政府办中医类医院按地区分医院医师工作效率	official_excel_numeric_extracted	official_natcm_excel_parsed	government-run TCM-category hospitals	province-level physician workload and service-intensity mediator candidate	1033.52	955.04	4.12	2.62	This table does not measure patient-level TCM use; it describes whether registered government-run TCM hospital physicians translate headcount capacity into outpatient/emergency and inpatient service workload.
甘肃省	2018	natcm_2018_b38	National Administration of Traditional Chinese Medicine 2018 National TCM Statistical Extract	http://www.natcm.gov.cn/2020tjzb/%E5%85%A8%E5%9B%BD%E4%B8%AD%E5%8C%BB%E8%8D%AF%E7%BB%9F%E8%AE%A1%E6%91%98%E7%BC%96/atog/2018/B38.xls	2018	B38	2018年政府办中医类医院按地区分医院医师工作效率	official_excel_numeric_extracted	official_natcm_excel_parsed	government-run TCM-category hospitals	province-level physician workload and service-intensity mediator candidate	1694.26	1097.88	6.75	3.01	This table does not measure patient-level TCM use; it describes whether registered government-run TCM hospital physicians translate headcount capacity into outpatient/emergency and inpatient service workload.
福建省	2018	natcm_2018_b38	National Administration of Traditional Chinese Medicine 2018 National TCM Statistical Extract	http://www.natcm.gov.cn/2020tjzb/%E5%85%A8%E5%9B%BD%E4%B8%AD%E5%8C%BB%E8%8D%AF%E7%BB%9F%E8%AE%A1%E6%91%98%E7%BC%96/atog/2018/B38.xls	2018	B38	2018年政府办中医类医院按地区分医院医师工作效率	official_excel_numeric_extracted	official_natcm_excel_parsed	government-run TCM-category hospitals	province-level physician workload and service-intensity mediator candidate	2313.25	740.34	9.22	2.03	This table does not measure patient-level TCM use; it describes whether registered government-run TCM hospital physicians translate headcount capacity into outpatient/emergency and inpatient service workload.
西藏自治区	2018	natcm_2018_b38	National Administration of Traditional Chinese Medicine 2018 National TCM Statistical Extract	http://www.natcm.gov.cn/2020tjzb/%E5%85%A8%E5%9B%BD%E4%B8%AD%E5%8C%BB%E8%8D%AF%E7%BB%9F%E8%AE%A1%E6%91%98%E7%BC%96/atog/2018/B38.xls	2018	B38	2018年政府办中医类医院按地区分医院医师工作效率	official_excel_numeric_extracted	official_natcm_excel_parsed	government-run TCM-category hospitals	province-level physician workload and service-intensity mediator candidate	1178.96	463.76	4.7	1.27	This table does not measure patient-level TCM use; it describes whether registered government-run TCM hospital physicians translate headcount capacity into outpatient/emergency and inpatient service workload.
贵州省	2018	natcm_2018_b38	National Administration of Traditional Chinese Medicine 2018 National TCM Statistical Extract	http://www.natcm.gov.cn/2020tjzb/%E5%85%A8%E5%9B%BD%E4%B8%AD%E5%8C%BB%E8%8D%AF%E7%BB%9F%E8%AE%A1%E6%91%98%E7%BC%96/atog/2018/B38.xls	2018	B38	2018年政府办中医类医院按地区分医院医师工作效率	official_excel_numeric_extracted	official_natcm_excel_parsed	government-run TCM-category hospitals	province-level physician workload and service-intensity mediator candidate	1507.75	1148.19	6.01	3.15	This table does not measure patient-level TCM use; it describes whether registered government-run TCM hospital physicians translate headcount capacity into outpatient/emergency and inpatient service workload.
辽宁省	2018	natcm_2018_b38	National Administration of Traditional Chinese Medicine 2018 National TCM Statistical Extract	http://www.natcm.gov.cn/2020tjzb/%E5%85%A8%E5%9B%BD%E4%B8%AD%E5%8C%BB%E8%8D%AF%E7%BB%9F%E8%AE%A1%E6%91%98%E7%BC%96/atog/2018/B38.xls	2018	B38	2018年政府办中医类医院按地区分医院医师工作效率	official_excel_numeric_extracted	official_natcm_excel_parsed	government-run TCM-category hospitals	province-level physician workload and service-intensity mediator candidate	1237.72	802.1	4.93	2.2	This table does not measure patient-level TCM use; it describes whether registered government-run TCM hospital physicians translate headcount capacity into outpatient/emergency and inpatient service workload.
重庆市	2018	natcm_2018_b38	National Administration of Traditional Chinese Medicine 2018 National TCM Statistical Extract	http://www.natcm.gov.cn/2020tjzb/%E5%85%A8%E5%9B%BD%E4%B8%AD%E5%8C%BB%E8%8D%AF%E7%BB%9F%E8%AE%A1%E6%91%98%E7%BC%96/atog/2018/B38.xls	2018	B38	2018年政府办中医类医院按地区分医院医师工作效率	official_excel_numeric_extracted	official_natcm_excel_parsed	government-run TCM-category hospitals	province-level physician workload and service-intensity mediator candidate	1850.11	1083.64	7.37	2.97	This table does not measure patient-level TCM use; it describes whether registered government-run TCM hospital physicians translate headcount capacity into outpatient/emergency and inpatient service workload.
陕西省	2018	natcm_2018_b38	National Administration of Traditional Chinese Medicine 2018 National TCM Statistical Extract	http://www.natcm.gov.cn/2020tjzb/%E5%85%A8%E5%9B%BD%E4%B8%AD%E5%8C%BB%E8%8D%AF%E7%BB%9F%E8%AE%A1%E6%91%98%E7%BC%96/atog/2018/B38.xls	2018	B38	2018年政府办中医类医院按地区分医院医师工作效率	official_excel_numeric_extracted	official_natcm_excel_parsed	government-run TCM-category hospitals	province-level physician workload and service-intensity mediator candidate	1516.39	1037.95	6.04	2.84	This table does not measure patient-level TCM use; it describes whether registered government-run TCM hospital physicians translate headcount capacity into outpatient/emergency and inpatient service workload.
青海省	2018	natcm_2018_b38	National Administration of Traditional Chinese Medicine 2018 National TCM Statistical Extract	http://www.natcm.gov.cn/2020tjzb/%E5%85%A8%E5%9B%BD%E4%B8%AD%E5%8C%BB%E8%8D%AF%E7%BB%9F%E8%AE%A1%E6%91%98%E7%BC%96/atog/2018/B38.xls	2018	B38	2018年政府办中医类医院按地区分医院医师工作效率	official_excel_numeric_extracted	official_natcm_excel_parsed	government-run TCM-category hospitals	province-level physician workload and service-intensity mediator candidate	1510.83	808.73	6.02	2.22	This table does not measure patient-level TCM use; it describes whether registered government-run TCM hospital physicians translate headcount capacity into outpatient/emergency and inpatient service workload.
黑龙江省	2018	natcm_2018_b38	National Administration of Traditional Chinese Medicine 2018 National TCM Statistical Extract	http://www.natcm.gov.cn/2020tjzb/%E5%85%A8%E5%9B%BD%E4%B8%AD%E5%8C%BB%E8%8D%AF%E7%BB%9F%E8%AE%A1%E6%91%98%E7%BC%96/atog/2018/B38.xls	2018	B38	2018年政府办中医类医院按地区分医院医师工作效率	official_excel_numeric_extracted	official_natcm_excel_parsed	government-run TCM-category hospitals	province-level physician workload and service-intensity mediator candidate	1174.88	833.05	4.68	2.28	This table does not measure patient-level TCM use; it describes whether registered government-run TCM hospital physicians translate headcount capacity into outpatient/emergency and inpatient service workload.
