province	year	source	source_name	source_url	source_edition	table_id	table_title	extraction_status	quality_flag	resource_definition	denominator_population	denominator_unit	denominator_source_id	denominator_notes	value_tcm_hospital_beds	value_tcm_practicing_assistant_physicians	value_per_10000_population_tcm_hospital_beds	value_per_10000_population_tcm_practicing_assistant_physicians	rank_tcm_hospital_beds_per_10000	rank_tcm_practicing_assistant_physicians_per_10000	unit_tcm_hospital_beds	unit_tcm_practicing_assistant_physicians	notes
上海市	2011	natcm_2011_extract_a86	National Administration of Traditional Chinese Medicine 2011 National TCM Statistical Extract	http://www.natcm.gov.cn/2020tjzb/%E5%85%A8%E5%9B%BD%E4%B8%AD%E5%8C%BB%E8%8D%AF%E7%BB%9F%E8%AE%A1%E6%91%98%E7%BC%96/atog/2011/A86.xlsx	2011	A86	2011年各地区万人口中医类医院床位数及万人口全国中医执业(助理)医师数	official_excel_numeric_extracted	official_natcm_excel_parsed	TCM hospital beds and TCM practicing/assistant physicians per population.	23470000	persons	natcm_2011_extract_a86	NATCM table reports province population in 10,000 persons; converted to persons.	7115	5664	3.03	2.41	27	12	beds	persons	Official NATCM Excel table; main core-density supply exposure.
云南省	2011	natcm_2011_extract_a86	National Administration of Traditional Chinese Medicine 2011 National TCM Statistical Extract	http://www.natcm.gov.cn/2020tjzb/%E5%85%A8%E5%9B%BD%E4%B8%AD%E5%8C%BB%E8%8D%AF%E7%BB%9F%E8%AE%A1%E6%91%98%E7%BC%96/atog/2011/A86.xlsx	2011	A86	2011年各地区万人口中医类医院床位数及万人口全国中医执业(助理)医师数	official_excel_numeric_extracted	official_natcm_excel_parsed	TCM hospital beds and TCM practicing/assistant physicians per population.	46310000	persons	natcm_2011_extract_a86	NATCM table reports province population in 10,000 persons; converted to persons.	16156	7138	3.49	1.54	24	28	beds	persons	Official NATCM Excel table; main core-density supply exposure.
内蒙古自治区	2011	natcm_2011_extract_a86	National Administration of Traditional Chinese Medicine 2011 National TCM Statistical Extract	http://www.natcm.gov.cn/2020tjzb/%E5%85%A8%E5%9B%BD%E4%B8%AD%E5%8C%BB%E8%8D%AF%E7%BB%9F%E8%AE%A1%E6%91%98%E7%BC%96/atog/2011/A86.xlsx	2011	A86	2011年各地区万人口中医类医院床位数及万人口全国中医执业(助理)医师数	official_excel_numeric_extracted	official_natcm_excel_parsed	TCM hospital beds and TCM practicing/assistant physicians per population.	24820000	persons	natcm_2011_extract_a86	NATCM table reports province population in 10,000 persons; converted to persons.	10615	8979	4.28	3.62	10	2	beds	persons	Official NATCM Excel table; main core-density supply exposure.
北京市	2011	natcm_2011_extract_a86	National Administration of Traditional Chinese Medicine 2011 National TCM Statistical Extract	http://www.natcm.gov.cn/2020tjzb/%E5%85%A8%E5%9B%BD%E4%B8%AD%E5%8C%BB%E8%8D%AF%E7%BB%9F%E8%AE%A1%E6%91%98%E7%BC%96/atog/2011/A86.xlsx	2011	A86	2011年各地区万人口中医类医院床位数及万人口全国中医执业(助理)医师数	official_excel_numeric_extracted	official_natcm_excel_parsed	TCM hospital beds and TCM practicing/assistant physicians per population.	20190000	persons	natcm_2011_extract_a86	NATCM table reports province population in 10,000 persons; converted to persons.	11824	11398	5.86	5.65	1	1	beds	persons	Official NATCM Excel table; main core-density supply exposure.
吉林省	2011	natcm_2011_extract_a86	National Administration of Traditional Chinese Medicine 2011 National TCM Statistical Extract	http://www.natcm.gov.cn/2020tjzb/%E5%85%A8%E5%9B%BD%E4%B8%AD%E5%8C%BB%E8%8D%AF%E7%BB%9F%E8%AE%A1%E6%91%98%E7%BC%96/atog/2011/A86.xlsx	2011	A86	2011年各地区万人口中医类医院床位数及万人口全国中医执业(助理)医师数	official_excel_numeric_extracted	official_natcm_excel_parsed	TCM hospital beds and TCM practicing/assistant physicians per population.	27490000	persons	natcm_2011_extract_a86	NATCM table reports province population in 10,000 persons; converted to persons.	12875	7094	4.68	2.58	8	9	beds	persons	Official NATCM Excel table; main core-density supply exposure.
四川省	2011	natcm_2011_extract_a86	National Administration of Traditional Chinese Medicine 2011 National TCM Statistical Extract	http://www.natcm.gov.cn/2020tjzb/%E5%85%A8%E5%9B%BD%E4%B8%AD%E5%8C%BB%E8%8D%AF%E7%BB%9F%E8%AE%A1%E6%91%98%E7%BC%96/atog/2011/A86.xlsx	2011	A86	2011年各地区万人口中医类医院床位数及万人口全国中医执业(助理)医师数	official_excel_numeric_extracted	official_natcm_excel_parsed	TCM hospital beds and TCM practicing/assistant physicians per population.	80500000	persons	natcm_2011_extract_a86	NATCM table reports province population in 10,000 persons; converted to persons.	33698	27572	4.19	3.43	12	3	beds	persons	Official NATCM Excel table; main core-density supply exposure.
天津市	2011	natcm_2011_extract_a86	National Administration of Traditional Chinese Medicine 2011 National TCM Statistical Extract	http://www.natcm.gov.cn/2020tjzb/%E5%85%A8%E5%9B%BD%E4%B8%AD%E5%8C%BB%E8%8D%AF%E7%BB%9F%E8%AE%A1%E6%91%98%E7%BC%96/atog/2011/A86.xlsx	2011	A86	2011年各地区万人口中医类医院床位数及万人口全国中医执业(助理)医师数	official_excel_numeric_extracted	official_natcm_excel_parsed	TCM hospital beds and TCM practicing/assistant physicians per population.	13550000	persons	natcm_2011_extract_a86	NATCM table reports province population in 10,000 persons; converted to persons.	5550	4614	4.1	3.41	13	4	beds	persons	Official NATCM Excel table; main core-density supply exposure.
宁夏回族自治区	2011	natcm_2011_extract_a86	National Administration of Traditional Chinese Medicine 2011 National TCM Statistical Extract	http://www.natcm.gov.cn/2020tjzb/%E5%85%A8%E5%9B%BD%E4%B8%AD%E5%8C%BB%E8%8D%AF%E7%BB%9F%E8%AE%A1%E6%91%98%E7%BC%96/atog/2011/A86.xlsx	2011	A86	2011年各地区万人口中医类医院床位数及万人口全国中医执业(助理)医师数	official_excel_numeric_extracted	official_natcm_excel_parsed	TCM hospital beds and TCM practicing/assistant physicians per population.	6390000	persons	natcm_2011_extract_a86	NATCM table reports province population in 10,000 persons; converted to persons.	2880	1403	4.51	2.2	9	18	beds	persons	Official NATCM Excel table; main core-density supply exposure.
安徽省	2011	natcm_2011_extract_a86	National Administration of Traditional Chinese Medicine 2011 National TCM Statistical Extract	http://www.natcm.gov.cn/2020tjzb/%E5%85%A8%E5%9B%BD%E4%B8%AD%E5%8C%BB%E8%8D%AF%E7%BB%9F%E8%AE%A1%E6%91%98%E7%BC%96/atog/2011/A86.xlsx	2011	A86	2011年各地区万人口中医类医院床位数及万人口全国中医执业(助理)医师数	official_excel_numeric_extracted	official_natcm_excel_parsed	TCM hospital beds and TCM practicing/assistant physicians per population.	59680000	persons	natcm_2011_extract_a86	NATCM table reports province population in 10,000 persons; converted to persons.	16970	8165	2.84	1.37	31	31	beds	persons	Official NATCM Excel table; main core-density supply exposure.
山东省	2011	natcm_2011_extract_a86	National Administration of Traditional Chinese Medicine 2011 National TCM Statistical Extract	http://www.natcm.gov.cn/2020tjzb/%E5%85%A8%E5%9B%BD%E4%B8%AD%E5%8C%BB%E8%8D%AF%E7%BB%9F%E8%AE%A1%E6%91%98%E7%BC%96/atog/2011/A86.xlsx	2011	A86	2011年各地区万人口中医类医院床位数及万人口全国中医执业(助理)医师数	official_excel_numeric_extracted	official_natcm_excel_parsed	TCM hospital beds and TCM practicing/assistant physicians per population.	96370000	persons	natcm_2011_extract_a86	NATCM table reports province population in 10,000 persons; converted to persons.	40646	18781	4.22	1.95	11	24	beds	persons	Official NATCM Excel table; main core-density supply exposure.
山西省	2011	natcm_2011_extract_a86	National Administration of Traditional Chinese Medicine 2011 National TCM Statistical Extract	http://www.natcm.gov.cn/2020tjzb/%E5%85%A8%E5%9B%BD%E4%B8%AD%E5%8C%BB%E8%8D%AF%E7%BB%9F%E8%AE%A1%E6%91%98%E7%BC%96/atog/2011/A86.xlsx	2011	A86	2011年各地区万人口中医类医院床位数及万人口全国中医执业(助理)医师数	official_excel_numeric_extracted	official_natcm_excel_parsed	TCM hospital beds and TCM practicing/assistant physicians per population.	35930000	persons	natcm_2011_extract_a86	NATCM table reports province population in 10,000 persons; converted to persons.	13361	10999	3.72	3.06	22	7	beds	persons	Official NATCM Excel table; main core-density supply exposure.
广东省	2011	natcm_2011_extract_a86	National Administration of Traditional Chinese Medicine 2011 National TCM Statistical Extract	http://www.natcm.gov.cn/2020tjzb/%E5%85%A8%E5%9B%BD%E4%B8%AD%E5%8C%BB%E8%8D%AF%E7%BB%9F%E8%AE%A1%E6%91%98%E7%BC%96/atog/2011/A86.xlsx	2011	A86	2011年各地区万人口中医类医院床位数及万人口全国中医执业(助理)医师数	official_excel_numeric_extracted	official_natcm_excel_parsed	TCM hospital beds and TCM practicing/assistant physicians per population.	105050000	persons	natcm_2011_extract_a86	NATCM table reports province population in 10,000 persons; converted to persons.	31260	24190	2.98	2.3	29	15	beds	persons	Official NATCM Excel table; main core-density supply exposure.
广西壮族自治区	2011	natcm_2011_extract_a86	National Administration of Traditional Chinese Medicine 2011 National TCM Statistical Extract	http://www.natcm.gov.cn/2020tjzb/%E5%85%A8%E5%9B%BD%E4%B8%AD%E5%8C%BB%E8%8D%AF%E7%BB%9F%E8%AE%A1%E6%91%98%E7%BC%96/atog/2011/A86.xlsx	2011	A86	2011年各地区万人口中医类医院床位数及万人口全国中医执业(助理)医师数	official_excel_numeric_extracted	official_natcm_excel_parsed	TCM hospital beds and TCM practicing/assistant physicians per population.	46450000	persons	natcm_2011_extract_a86	NATCM table reports province population in 10,000 persons; converted to persons.	18018	8299	3.88	1.79	18	26	beds	persons	Official NATCM Excel table; main core-density supply exposure.
新疆维吾尔自治区	2011	natcm_2011_extract_a86	National Administration of Traditional Chinese Medicine 2011 National TCM Statistical Extract	http://www.natcm.gov.cn/2020tjzb/%E5%85%A8%E5%9B%BD%E4%B8%AD%E5%8C%BB%E8%8D%AF%E7%BB%9F%E8%AE%A1%E6%91%98%E7%BC%96/atog/2011/A86.xlsx	2011	A86	2011年各地区万人口中医类医院床位数及万人口全国中医执业(助理)医师数	official_excel_numeric_extracted	official_natcm_excel_parsed	TCM hospital beds and TCM practicing/assistant physicians per population.	22090000	persons	natcm_2011_extract_a86	NATCM table reports province population in 10,000 persons; converted to persons.	12779	4439	5.78	2.01	2	21	beds	persons	Official NATCM Excel table; main core-density supply exposure.
江苏省	2011	natcm_2011_extract_a86	National Administration of Traditional Chinese Medicine 2011 National TCM Statistical Extract	http://www.natcm.gov.cn/2020tjzb/%E5%85%A8%E5%9B%BD%E4%B8%AD%E5%8C%BB%E8%8D%AF%E7%BB%9F%E8%AE%A1%E6%91%98%E7%BC%96/atog/2011/A86.xlsx	2011	A86	2011年各地区万人口中医类医院床位数及万人口全国中医执业(助理)医师数	official_excel_numeric_extracted	official_natcm_excel_parsed	TCM hospital beds and TCM practicing/assistant physicians per population.	78990000	persons	natcm_2011_extract_a86	NATCM table reports province population in 10,000 persons; converted to persons.	29633	13926	3.75	1.76	20	27	beds	persons	Official NATCM Excel table; main core-density supply exposure.
江西省	2011	natcm_2011_extract_a86	National Administration of Traditional Chinese Medicine 2011 National TCM Statistical Extract	http://www.natcm.gov.cn/2020tjzb/%E5%85%A8%E5%9B%BD%E4%B8%AD%E5%8C%BB%E8%8D%AF%E7%BB%9F%E8%AE%A1%E6%91%98%E7%BC%96/atog/2011/A86.xlsx	2011	A86	2011年各地区万人口中医类医院床位数及万人口全国中医执业(助理)医师数	official_excel_numeric_extracted	official_natcm_excel_parsed	TCM hospital beds and TCM practicing/assistant physicians per population.	44880000	persons	natcm_2011_extract_a86	NATCM table reports province population in 10,000 persons; converted to persons.	15019	8264	3.35	1.84	25	25	beds	persons	Official NATCM Excel table; main core-density supply exposure.
河北省	2011	natcm_2011_extract_a86	National Administration of Traditional Chinese Medicine 2011 National TCM Statistical Extract	http://www.natcm.gov.cn/2020tjzb/%E5%85%A8%E5%9B%BD%E4%B8%AD%E5%8C%BB%E8%8D%AF%E7%BB%9F%E8%AE%A1%E6%91%98%E7%BC%96/atog/2011/A86.xlsx	2011	A86	2011年各地区万人口中医类医院床位数及万人口全国中医执业(助理)医师数	official_excel_numeric_extracted	official_natcm_excel_parsed	TCM hospital beds and TCM practicing/assistant physicians per population.	72410000	persons	natcm_2011_extract_a86	NATCM table reports province population in 10,000 persons; converted to persons.	27686	16673	3.82	2.3	19	16	beds	persons	Official NATCM Excel table; main core-density supply exposure.
河南省	2011	natcm_2011_extract_a86	National Administration of Traditional Chinese Medicine 2011 National TCM Statistical Extract	http://www.natcm.gov.cn/2020tjzb/%E5%85%A8%E5%9B%BD%E4%B8%AD%E5%8C%BB%E8%8D%AF%E7%BB%9F%E8%AE%A1%E6%91%98%E7%BC%96/atog/2011/A86.xlsx	2011	A86	2011年各地区万人口中医类医院床位数及万人口全国中医执业(助理)医师数	official_excel_numeric_extracted	official_natcm_excel_parsed	TCM hospital beds and TCM practicing/assistant physicians per population.	93880000	persons	natcm_2011_extract_a86	NATCM table reports province population in 10,000 persons; converted to persons.	37025	19293	3.94	2.06	15	20	beds	persons	Official NATCM Excel table; main core-density supply exposure.
浙江省	2011	natcm_2011_extract_a86	National Administration of Traditional Chinese Medicine 2011 National TCM Statistical Extract	http://www.natcm.gov.cn/2020tjzb/%E5%85%A8%E5%9B%BD%E4%B8%AD%E5%8C%BB%E8%8D%AF%E7%BB%9F%E8%AE%A1%E6%91%98%E7%BC%96/atog/2011/A86.xlsx	2011	A86	2011年各地区万人口中医类医院床位数及万人口全国中医执业(助理)医师数	official_excel_numeric_extracted	official_natcm_excel_parsed	TCM hospital beds and TCM practicing/assistant physicians per population.	54630000	persons	natcm_2011_extract_a86	NATCM table reports province population in 10,000 persons; converted to persons.	26321	14681	4.82	2.69	5	8	beds	persons	Official NATCM Excel table; main core-density supply exposure.
海南省	2011	natcm_2011_extract_a86	National Administration of Traditional Chinese Medicine 2011 National TCM Statistical Extract	http://www.natcm.gov.cn/2020tjzb/%E5%85%A8%E5%9B%BD%E4%B8%AD%E5%8C%BB%E8%8D%AF%E7%BB%9F%E8%AE%A1%E6%91%98%E7%BC%96/atog/2011/A86.xlsx	2011	A86	2011年各地区万人口中医类医院床位数及万人口全国中医执业(助理)医师数	official_excel_numeric_extracted	official_natcm_excel_parsed	TCM hospital beds and TCM practicing/assistant physicians per population.	8770000	persons	natcm_2011_extract_a86	NATCM table reports province population in 10,000 persons; converted to persons.	2639	1303	3.01	1.49	28	30	beds	persons	Official NATCM Excel table; main core-density supply exposure.
湖北省	2011	natcm_2011_extract_a86	National Administration of Traditional Chinese Medicine 2011 National TCM Statistical Extract	http://www.natcm.gov.cn/2020tjzb/%E5%85%A8%E5%9B%BD%E4%B8%AD%E5%8C%BB%E8%8D%AF%E7%BB%9F%E8%AE%A1%E6%91%98%E7%BC%96/atog/2011/A86.xlsx	2011	A86	2011年各地区万人口中医类医院床位数及万人口全国中医执业(助理)医师数	official_excel_numeric_extracted	official_natcm_excel_parsed	TCM hospital beds and TCM practicing/assistant physicians per population.	57580000	persons	natcm_2011_extract_a86	NATCM table reports province population in 10,000 persons; converted to persons.	23160	11522	4.02	2	14	23	beds	persons	Official NATCM Excel table; main core-density supply exposure.
湖南省	2011	natcm_2011_extract_a86	National Administration of Traditional Chinese Medicine 2011 National TCM Statistical Extract	http://www.natcm.gov.cn/2020tjzb/%E5%85%A8%E5%9B%BD%E4%B8%AD%E5%8C%BB%E8%8D%AF%E7%BB%9F%E8%AE%A1%E6%91%98%E7%BC%96/atog/2011/A86.xlsx	2011	A86	2011年各地区万人口中医类医院床位数及万人口全国中医执业(助理)医师数	official_excel_numeric_extracted	official_natcm_excel_parsed	TCM hospital beds and TCM practicing/assistant physicians per population.	65960000	persons	natcm_2011_extract_a86	NATCM table reports province population in 10,000 persons; converted to persons.	33428	14489	5.07	2.2	4	17	beds	persons	Official NATCM Excel table; main core-density supply exposure.
甘肃省	2011	natcm_2011_extract_a86	National Administration of Traditional Chinese Medicine 2011 National TCM Statistical Extract	http://www.natcm.gov.cn/2020tjzb/%E5%85%A8%E5%9B%BD%E4%B8%AD%E5%8C%BB%E8%8D%AF%E7%BB%9F%E8%AE%A1%E6%91%98%E7%BC%96/atog/2011/A86.xlsx	2011	A86	2011年各地区万人口中医类医院床位数及万人口全国中医执业(助理)医师数	official_excel_numeric_extracted	official_natcm_excel_parsed	TCM hospital beds and TCM practicing/assistant physicians per population.	25640000	persons	natcm_2011_extract_a86	NATCM table reports province population in 10,000 persons; converted to persons.	12153	8294	4.74	3.23	7	6	beds	persons	Official NATCM Excel table; main core-density supply exposure.
福建省	2011	natcm_2011_extract_a86	National Administration of Traditional Chinese Medicine 2011 National TCM Statistical Extract	http://www.natcm.gov.cn/2020tjzb/%E5%85%A8%E5%9B%BD%E4%B8%AD%E5%8C%BB%E8%8D%AF%E7%BB%9F%E8%AE%A1%E6%91%98%E7%BC%96/atog/2011/A86.xlsx	2011	A86	2011年各地区万人口中医类医院床位数及万人口全国中医执业(助理)医师数	official_excel_numeric_extracted	official_natcm_excel_parsed	TCM hospital beds and TCM practicing/assistant physicians per population.	37200000	persons	natcm_2011_extract_a86	NATCM table reports province population in 10,000 persons; converted to persons.	13885	9260	3.73	2.49	21	11	beds	persons	Official NATCM Excel table; main core-density supply exposure.
西藏自治区	2011	natcm_2011_extract_a86	National Administration of Traditional Chinese Medicine 2011 National TCM Statistical Extract	http://www.natcm.gov.cn/2020tjzb/%E5%85%A8%E5%9B%BD%E4%B8%AD%E5%8C%BB%E8%8D%AF%E7%BB%9F%E8%AE%A1%E6%91%98%E7%BC%96/atog/2011/A86.xlsx	2011	A86	2011年各地区万人口中医类医院床位数及万人口全国中医执业(助理)医师数	official_excel_numeric_extracted	official_natcm_excel_parsed	TCM hospital beds and TCM practicing/assistant physicians per population.	3030000	persons	natcm_2011_extract_a86	NATCM table reports province population in 10,000 persons; converted to persons.	929	777	3.07	2.56	26	10	beds	persons	Official NATCM Excel table; main core-density supply exposure.
贵州省	2011	natcm_2011_extract_a86	National Administration of Traditional Chinese Medicine 2011 National TCM Statistical Extract	http://www.natcm.gov.cn/2020tjzb/%E5%85%A8%E5%9B%BD%E4%B8%AD%E5%8C%BB%E8%8D%AF%E7%BB%9F%E8%AE%A1%E6%91%98%E7%BC%96/atog/2011/A86.xlsx	2011	A86	2011年各地区万人口中医类医院床位数及万人口全国中医执业(助理)医师数	official_excel_numeric_extracted	official_natcm_excel_parsed	TCM hospital beds and TCM practicing/assistant physicians per population.	34690000	persons	natcm_2011_extract_a86	NATCM table reports province population in 10,000 persons; converted to persons.	10142	5208	2.92	1.5	30	29	beds	persons	Official NATCM Excel table; main core-density supply exposure.
辽宁省	2011	natcm_2011_extract_a86	National Administration of Traditional Chinese Medicine 2011 National TCM Statistical Extract	http://www.natcm.gov.cn/2020tjzb/%E5%85%A8%E5%9B%BD%E4%B8%AD%E5%8C%BB%E8%8D%AF%E7%BB%9F%E8%AE%A1%E6%91%98%E7%BC%96/atog/2011/A86.xlsx	2011	A86	2011年各地区万人口中医类医院床位数及万人口全国中医执业(助理)医师数	official_excel_numeric_extracted	official_natcm_excel_parsed	TCM hospital beds and TCM practicing/assistant physicians per population.	43830000	persons	natcm_2011_extract_a86	NATCM table reports province population in 10,000 persons; converted to persons.	17232	9329	3.93	2.13	16	19	beds	persons	Official NATCM Excel table; main core-density supply exposure.
重庆市	2011	natcm_2011_extract_a86	National Administration of Traditional Chinese Medicine 2011 National TCM Statistical Extract	http://www.natcm.gov.cn/2020tjzb/%E5%85%A8%E5%9B%BD%E4%B8%AD%E5%8C%BB%E8%8D%AF%E7%BB%9F%E8%AE%A1%E6%91%98%E7%BC%96/atog/2011/A86.xlsx	2011	A86	2011年各地区万人口中医类医院床位数及万人口全国中医执业(助理)医师数	official_excel_numeric_extracted	official_natcm_excel_parsed	TCM hospital beds and TCM practicing/assistant physicians per population.	29190000	persons	natcm_2011_extract_a86	NATCM table reports province population in 10,000 persons; converted to persons.	10395	9651	3.56	3.31	23	5	beds	persons	Official NATCM Excel table; main core-density supply exposure.
陕西省	2011	natcm_2011_extract_a86	National Administration of Traditional Chinese Medicine 2011 National TCM Statistical Extract	http://www.natcm.gov.cn/2020tjzb/%E5%85%A8%E5%9B%BD%E4%B8%AD%E5%8C%BB%E8%8D%AF%E7%BB%9F%E8%AE%A1%E6%91%98%E7%BC%96/atog/2011/A86.xlsx	2011	A86	2011年各地区万人口中医类医院床位数及万人口全国中医执业(助理)医师数	official_excel_numeric_extracted	official_natcm_excel_parsed	TCM hospital beds and TCM practicing/assistant physicians per population.	37430000	persons	natcm_2011_extract_a86	NATCM table reports province population in 10,000 persons; converted to persons.	17861	8862	4.77	2.37	6	13	beds	persons	Official NATCM Excel table; main core-density supply exposure.
青海省	2011	natcm_2011_extract_a86	National Administration of Traditional Chinese Medicine 2011 National TCM Statistical Extract	http://www.natcm.gov.cn/2020tjzb/%E5%85%A8%E5%9B%BD%E4%B8%AD%E5%8C%BB%E8%8D%AF%E7%BB%9F%E8%AE%A1%E6%91%98%E7%BC%96/atog/2011/A86.xlsx	2011	A86	2011年各地区万人口中医类医院床位数及万人口全国中医执业(助理)医师数	official_excel_numeric_extracted	official_natcm_excel_parsed	TCM hospital beds and TCM practicing/assistant physicians per population.	5680000	persons	natcm_2011_extract_a86	NATCM table reports province population in 10,000 persons; converted to persons.	3040	1313	5.35	2.31	3	14	beds	persons	Official NATCM Excel table; main core-density supply exposure.
黑龙江省	2011	natcm_2011_extract_a86	National Administration of Traditional Chinese Medicine 2011 National TCM Statistical Extract	http://www.natcm.gov.cn/2020tjzb/%E5%85%A8%E5%9B%BD%E4%B8%AD%E5%8C%BB%E8%8D%AF%E7%BB%9F%E8%AE%A1%E6%91%98%E7%BC%96/atog/2011/A86.xlsx	2011	A86	2011年各地区万人口中医类医院床位数及万人口全国中医执业(助理)医师数	official_excel_numeric_extracted	official_natcm_excel_parsed	TCM hospital beds and TCM practicing/assistant physicians per population.	38340000	persons	natcm_2011_extract_a86	NATCM table reports province population in 10,000 persons; converted to persons.	15054	7692	3.93	2.01	17	22	beds	persons	Official NATCM Excel table; main core-density supply exposure.
上海市	2013	natcm_2013_extract_a95	National Administration of Traditional Chinese Medicine 2013 National TCM Statistical Extract	http://www.natcm.gov.cn/2020tjzb/%E5%85%A8%E5%9B%BD%E4%B8%AD%E5%8C%BB%E8%8D%AF%E7%BB%9F%E8%AE%A1%E6%91%98%E7%BC%96/atog/2013/A95.xls	2013	A95	2013年各地区万人口中医类医院床位数及万人口全国中医执业(助理)医师数	official_excel_numeric_extracted	official_natcm_excel_parsed	TCM hospital beds and TCM practicing/assistant physicians per population.	24150000	persons	natcm_2013_extract_a95	NATCM table reports province population in 10,000 persons; converted to persons.	8675	6368	3.5921325051759836	2.6368530020703935	29	18	beds	persons	Official NATCM Excel table; main core-density supply exposure.
云南省	2013	natcm_2013_extract_a95	National Administration of Traditional Chinese Medicine 2013 National TCM Statistical Extract	http://www.natcm.gov.cn/2020tjzb/%E5%85%A8%E5%9B%BD%E4%B8%AD%E5%8C%BB%E8%8D%AF%E7%BB%9F%E8%AE%A1%E6%91%98%E7%BC%96/atog/2013/A95.xls	2013	A95	2013年各地区万人口中医类医院床位数及万人口全国中医执业(助理)医师数	official_excel_numeric_extracted	official_natcm_excel_parsed	TCM hospital beds and TCM practicing/assistant physicians per population.	46870000	persons	natcm_2013_extract_a95	NATCM table reports province population in 10,000 persons; converted to persons.	22178	9155	4.731811393215276	1.9532750160017067	22	28	beds	persons	Official NATCM Excel table; main core-density supply exposure.
内蒙古自治区	2013	natcm_2013_extract_a95	National Administration of Traditional Chinese Medicine 2013 National TCM Statistical Extract	http://www.natcm.gov.cn/2020tjzb/%E5%85%A8%E5%9B%BD%E4%B8%AD%E5%8C%BB%E8%8D%AF%E7%BB%9F%E8%AE%A1%E6%91%98%E7%BC%96/atog/2013/A95.xls	2013	A95	2013年各地区万人口中医类医院床位数及万人口全国中医执业(助理)医师数	official_excel_numeric_extracted	official_natcm_excel_parsed	TCM hospital beds and TCM practicing/assistant physicians per population.	24980000	persons	natcm_2013_extract_a95	NATCM table reports province population in 10,000 persons; converted to persons.	15254	10822	6.10648518815052	4.33226581265012	6	2	beds	persons	Official NATCM Excel table; main core-density supply exposure.
北京市	2013	natcm_2013_extract_a95	National Administration of Traditional Chinese Medicine 2013 National TCM Statistical Extract	http://www.natcm.gov.cn/2020tjzb/%E5%85%A8%E5%9B%BD%E4%B8%AD%E5%8C%BB%E8%8D%AF%E7%BB%9F%E8%AE%A1%E6%91%98%E7%BC%96/atog/2013/A95.xls	2013	A95	2013年各地区万人口中医类医院床位数及万人口全国中医执业(助理)医师数	official_excel_numeric_extracted	official_natcm_excel_parsed	TCM hospital beds and TCM practicing/assistant physicians per population.	21150000	persons	natcm_2013_extract_a95	NATCM table reports province population in 10,000 persons; converted to persons.	17265	14033	8.163120567375886	6.634988179669031	1	1	beds	persons	Official NATCM Excel table; main core-density supply exposure.
吉林省	2013	natcm_2013_extract_a95	National Administration of Traditional Chinese Medicine 2013 National TCM Statistical Extract	http://www.natcm.gov.cn/2020tjzb/%E5%85%A8%E5%9B%BD%E4%B8%AD%E5%8C%BB%E8%8D%AF%E7%BB%9F%E8%AE%A1%E6%91%98%E7%BC%96/atog/2013/A95.xls	2013	A95	2013年各地区万人口中医类医院床位数及万人口全国中医执业(助理)医师数	official_excel_numeric_extracted	official_natcm_excel_parsed	TCM hospital beds and TCM practicing/assistant physicians per population.	27510000	persons	natcm_2013_extract_a95	NATCM table reports province population in 10,000 persons; converted to persons.	14060	7876	5.110868774990912	2.8629589240276263	14	12	beds	persons	Official NATCM Excel table; main core-density supply exposure.
四川省	2013	natcm_2013_extract_a95	National Administration of Traditional Chinese Medicine 2013 National TCM Statistical Extract	http://www.natcm.gov.cn/2020tjzb/%E5%85%A8%E5%9B%BD%E4%B8%AD%E5%8C%BB%E8%8D%AF%E7%BB%9F%E8%AE%A1%E6%91%98%E7%BC%96/atog/2013/A95.xls	2013	A95	2013年各地区万人口中医类医院床位数及万人口全国中医执业(助理)医师数	official_excel_numeric_extracted	official_natcm_excel_parsed	TCM hospital beds and TCM practicing/assistant physicians per population.	81070000	persons	natcm_2013_extract_a95	NATCM table reports province population in 10,000 persons; converted to persons.	47053	34367	5.8039965461946466	4.239176020722832	10	3	beds	persons	Official NATCM Excel table; main core-density supply exposure.
天津市	2013	natcm_2013_extract_a95	National Administration of Traditional Chinese Medicine 2013 National TCM Statistical Extract	http://www.natcm.gov.cn/2020tjzb/%E5%85%A8%E5%9B%BD%E4%B8%AD%E5%8C%BB%E8%8D%AF%E7%BB%9F%E8%AE%A1%E6%91%98%E7%BC%96/atog/2013/A95.xls	2013	A95	2013年各地区万人口中医类医院床位数及万人口全国中医执业(助理)医师数	official_excel_numeric_extracted	official_natcm_excel_parsed	TCM hospital beds and TCM practicing/assistant physicians per population.	14720000	persons	natcm_2013_extract_a95	NATCM table reports province population in 10,000 persons; converted to persons.	7385	5630	5.016983695652174	3.8247282608695654	17	5	beds	persons	Official NATCM Excel table; main core-density supply exposure.
宁夏回族自治区	2013	natcm_2013_extract_a95	National Administration of Traditional Chinese Medicine 2013 National TCM Statistical Extract	http://www.natcm.gov.cn/2020tjzb/%E5%85%A8%E5%9B%BD%E4%B8%AD%E5%8C%BB%E8%8D%AF%E7%BB%9F%E8%AE%A1%E6%91%98%E7%BC%96/atog/2013/A95.xls	2013	A95	2013年各地区万人口中医类医院床位数及万人口全国中医执业(助理)医师数	official_excel_numeric_extracted	official_natcm_excel_parsed	TCM hospital beds and TCM practicing/assistant physicians per population.	6540000	persons	natcm_2013_extract_a95	NATCM table reports province population in 10,000 persons; converted to persons.	3893	1771	5.9525993883792045	2.7079510703363914	8	17	beds	persons	Official NATCM Excel table; main core-density supply exposure.
安徽省	2013	natcm_2013_extract_a95	National Administration of Traditional Chinese Medicine 2013 National TCM Statistical Extract	http://www.natcm.gov.cn/2020tjzb/%E5%85%A8%E5%9B%BD%E4%B8%AD%E5%8C%BB%E8%8D%AF%E7%BB%9F%E8%AE%A1%E6%91%98%E7%BC%96/atog/2013/A95.xls	2013	A95	2013年各地区万人口中医类医院床位数及万人口全国中医执业(助理)医师数	official_excel_numeric_extracted	official_natcm_excel_parsed	TCM hospital beds and TCM practicing/assistant physicians per population.	60300000	persons	natcm_2013_extract_a95	NATCM table reports province population in 10,000 persons; converted to persons.	24450	10211	4.054726368159204	1.6933665008291874	27	31	beds	persons	Official NATCM Excel table; main core-density supply exposure.
山东省	2013	natcm_2013_extract_a95	National Administration of Traditional Chinese Medicine 2013 National TCM Statistical Extract	http://www.natcm.gov.cn/2020tjzb/%E5%85%A8%E5%9B%BD%E4%B8%AD%E5%8C%BB%E8%8D%AF%E7%BB%9F%E8%AE%A1%E6%91%98%E7%BC%96/atog/2013/A95.xls	2013	A95	2013年各地区万人口中医类医院床位数及万人口全国中医执业(助理)医师数	official_excel_numeric_extracted	official_natcm_excel_parsed	TCM hospital beds and TCM practicing/assistant physicians per population.	97330000	persons	natcm_2013_extract_a95	NATCM table reports province population in 10,000 persons; converted to persons.	49381	26409	5.073564163156273	2.713346347477654	16	16	beds	persons	Official NATCM Excel table; main core-density supply exposure.
山西省	2013	natcm_2013_extract_a95	National Administration of Traditional Chinese Medicine 2013 National TCM Statistical Extract	http://www.natcm.gov.cn/2020tjzb/%E5%85%A8%E5%9B%BD%E4%B8%AD%E5%8C%BB%E8%8D%AF%E7%BB%9F%E8%AE%A1%E6%91%98%E7%BC%96/atog/2013/A95.xls	2013	A95	2013年各地区万人口中医类医院床位数及万人口全国中医执业(助理)医师数	official_excel_numeric_extracted	official_natcm_excel_parsed	TCM hospital beds and TCM practicing/assistant physicians per population.	36300000	persons	natcm_2013_extract_a95	NATCM table reports province population in 10,000 persons; converted to persons.	16456	13238	4.533333333333333	3.646831955922865	25	7	beds	persons	Official NATCM Excel table; main core-density supply exposure.
广东省	2013	natcm_2013_extract_a95	National Administration of Traditional Chinese Medicine 2013 National TCM Statistical Extract	http://www.natcm.gov.cn/2020tjzb/%E5%85%A8%E5%9B%BD%E4%B8%AD%E5%8C%BB%E8%8D%AF%E7%BB%9F%E8%AE%A1%E6%91%98%E7%BC%96/atog/2013/A95.xls	2013	A95	2013年各地区万人口中医类医院床位数及万人口全国中医执业(助理)医师数	official_excel_numeric_extracted	official_natcm_excel_parsed	TCM hospital beds and TCM practicing/assistant physicians per population.	106440000	persons	natcm_2013_extract_a95	NATCM table reports province population in 10,000 persons; converted to persons.	37430	29009	3.516535137166479	2.7253851935362645	31	15	beds	persons	Official NATCM Excel table; main core-density supply exposure.
广西壮族自治区	2013	natcm_2013_extract_a95	National Administration of Traditional Chinese Medicine 2013 National TCM Statistical Extract	http://www.natcm.gov.cn/2020tjzb/%E5%85%A8%E5%9B%BD%E4%B8%AD%E5%8C%BB%E8%8D%AF%E7%BB%9F%E8%AE%A1%E6%91%98%E7%BC%96/atog/2013/A95.xls	2013	A95	2013年各地区万人口中医类医院床位数及万人口全国中医执业(助理)医师数	official_excel_numeric_extracted	official_natcm_excel_parsed	TCM hospital beds and TCM practicing/assistant physicians per population.	47190000	persons	natcm_2013_extract_a95	NATCM table reports province population in 10,000 persons; converted to persons.	22318	10686	4.729391820300911	2.2644628099173554	23	26	beds	persons	Official NATCM Excel table; main core-density supply exposure.
新疆维吾尔自治区	2013	natcm_2013_extract_a95	National Administration of Traditional Chinese Medicine 2013 National TCM Statistical Extract	http://www.natcm.gov.cn/2020tjzb/%E5%85%A8%E5%9B%BD%E4%B8%AD%E5%8C%BB%E8%8D%AF%E7%BB%9F%E8%AE%A1%E6%91%98%E7%BC%96/atog/2013/A95.xls	2013	A95	2013年各地区万人口中医类医院床位数及万人口全国中医执业(助理)医师数	official_excel_numeric_extracted	official_natcm_excel_parsed	TCM hospital beds and TCM practicing/assistant physicians per population.	22640000	persons	natcm_2013_extract_a95	NATCM table reports province population in 10,000 persons; converted to persons.	14965	5708	6.609982332155477	2.521201413427562	4	22	beds	persons	Official NATCM Excel table; main core-density supply exposure.
江苏省	2013	natcm_2013_extract_a95	National Administration of Traditional Chinese Medicine 2013 National TCM Statistical Extract	http://www.natcm.gov.cn/2020tjzb/%E5%85%A8%E5%9B%BD%E4%B8%AD%E5%8C%BB%E8%8D%AF%E7%BB%9F%E8%AE%A1%E6%91%98%E7%BC%96/atog/2013/A95.xls	2013	A95	2013年各地区万人口中医类医院床位数及万人口全国中医执业(助理)医师数	official_excel_numeric_extracted	official_natcm_excel_parsed	TCM hospital beds and TCM practicing/assistant physicians per population.	79390000	persons	natcm_2013_extract_a95	NATCM table reports province population in 10,000 persons; converted to persons.	40685	18623	5.124700843935004	2.3457614309106942	13	23	beds	persons	Official NATCM Excel table; main core-density supply exposure.
江西省	2013	natcm_2013_extract_a95	National Administration of Traditional Chinese Medicine 2013 National TCM Statistical Extract	http://www.natcm.gov.cn/2020tjzb/%E5%85%A8%E5%9B%BD%E4%B8%AD%E5%8C%BB%E8%8D%AF%E7%BB%9F%E8%AE%A1%E6%91%98%E7%BC%96/atog/2013/A95.xls	2013	A95	2013年各地区万人口中医类医院床位数及万人口全国中医执业(助理)医师数	official_excel_numeric_extracted	official_natcm_excel_parsed	TCM hospital beds and TCM practicing/assistant physicians per population.	45220000	persons	natcm_2013_extract_a95	NATCM table reports province population in 10,000 persons; converted to persons.	20955	9434	4.634011499336577	2.0862450243255197	24	27	beds	persons	Official NATCM Excel table; main core-density supply exposure.
河北省	2013	natcm_2013_extract_a95	National Administration of Traditional Chinese Medicine 2013 National TCM Statistical Extract	http://www.natcm.gov.cn/2020tjzb/%E5%85%A8%E5%9B%BD%E4%B8%AD%E5%8C%BB%E8%8D%AF%E7%BB%9F%E8%AE%A1%E6%91%98%E7%BC%96/atog/2013/A95.xls	2013	A95	2013年各地区万人口中医类医院床位数及万人口全国中医执业(助理)医师数	official_excel_numeric_extracted	official_natcm_excel_parsed	TCM hospital beds and TCM practicing/assistant physicians per population.	73330000	persons	natcm_2013_extract_a95	NATCM table reports province population in 10,000 persons; converted to persons.	32572	20333	4.441838265375699	2.7728078549024957	26	13	beds	persons	Official NATCM Excel table; main core-density supply exposure.
河南省	2013	natcm_2013_extract_a95	National Administration of Traditional Chinese Medicine 2013 National TCM Statistical Extract	http://www.natcm.gov.cn/2020tjzb/%E5%85%A8%E5%9B%BD%E4%B8%AD%E5%8C%BB%E8%8D%AF%E7%BB%9F%E8%AE%A1%E6%91%98%E7%BC%96/atog/2013/A95.xls	2013	A95	2013年各地区万人口中医类医院床位数及万人口全国中医执业(助理)医师数	official_excel_numeric_extracted	official_natcm_excel_parsed	TCM hospital beds and TCM practicing/assistant physicians per population.	94130000	persons	natcm_2013_extract_a95	NATCM table reports province population in 10,000 persons; converted to persons.	47864	23962	5.084882609157548	2.5456283862743017	15	21	beds	persons	Official NATCM Excel table; main core-density supply exposure.
浙江省	2013	natcm_2013_extract_a95	National Administration of Traditional Chinese Medicine 2013 National TCM Statistical Extract	http://www.natcm.gov.cn/2020tjzb/%E5%85%A8%E5%9B%BD%E4%B8%AD%E5%8C%BB%E8%8D%AF%E7%BB%9F%E8%AE%A1%E6%91%98%E7%BC%96/atog/2013/A95.xls	2013	A95	2013年各地区万人口中医类医院床位数及万人口全国中医执业(助理)医师数	official_excel_numeric_extracted	official_natcm_excel_parsed	TCM hospital beds and TCM practicing/assistant physicians per population.	54980000	persons	natcm_2013_extract_a95	NATCM table reports province population in 10,000 persons; converted to persons.	32301	18277	5.8750454710803925	3.3242997453619494	9	10	beds	persons	Official NATCM Excel table; main core-density supply exposure.
海南省	2013	natcm_2013_extract_a95	National Administration of Traditional Chinese Medicine 2013 National TCM Statistical Extract	http://www.natcm.gov.cn/2020tjzb/%E5%85%A8%E5%9B%BD%E4%B8%AD%E5%8C%BB%E8%8D%AF%E7%BB%9F%E8%AE%A1%E6%91%98%E7%BC%96/atog/2013/A95.xls	2013	A95	2013年各地区万人口中医类医院床位数及万人口全国中医执业(助理)医师数	official_excel_numeric_extracted	official_natcm_excel_parsed	TCM hospital beds and TCM practicing/assistant physicians per population.	8950000	persons	natcm_2013_extract_a95	NATCM table reports province population in 10,000 persons; converted to persons.	3360	1535	3.7541899441340782	1.7150837988826817	28	30	beds	persons	Official NATCM Excel table; main core-density supply exposure.
湖北省	2013	natcm_2013_extract_a95	National Administration of Traditional Chinese Medicine 2013 National TCM Statistical Extract	http://www.natcm.gov.cn/2020tjzb/%E5%85%A8%E5%9B%BD%E4%B8%AD%E5%8C%BB%E8%8D%AF%E7%BB%9F%E8%AE%A1%E6%91%98%E7%BC%96/atog/2013/A95.xls	2013	A95	2013年各地区万人口中医类医院床位数及万人口全国中医执业(助理)医师数	official_excel_numeric_extracted	official_natcm_excel_parsed	TCM hospital beds and TCM practicing/assistant physicians per population.	57990000	persons	natcm_2013_extract_a95	NATCM table reports province population in 10,000 persons; converted to persons.	31334	13559	5.403345404380065	2.3381617520262115	12	24	beds	persons	Official NATCM Excel table; main core-density supply exposure.
湖南省	2013	natcm_2013_extract_a95	National Administration of Traditional Chinese Medicine 2013 National TCM Statistical Extract	http://www.natcm.gov.cn/2020tjzb/%E5%85%A8%E5%9B%BD%E4%B8%AD%E5%8C%BB%E8%8D%AF%E7%BB%9F%E8%AE%A1%E6%91%98%E7%BC%96/atog/2013/A95.xls	2013	A95	2013年各地区万人口中医类医院床位数及万人口全国中医执业(助理)医师数	official_excel_numeric_extracted	official_natcm_excel_parsed	TCM hospital beds and TCM practicing/assistant physicians per population.	66910000	persons	natcm_2013_extract_a95	NATCM table reports province population in 10,000 persons; converted to persons.	40102	17271	5.993424002391272	2.5812285159169033	7	19	beds	persons	Official NATCM Excel table; main core-density supply exposure.
甘肃省	2013	natcm_2013_extract_a95	National Administration of Traditional Chinese Medicine 2013 National TCM Statistical Extract	http://www.natcm.gov.cn/2020tjzb/%E5%85%A8%E5%9B%BD%E4%B8%AD%E5%8C%BB%E8%8D%AF%E7%BB%9F%E8%AE%A1%E6%91%98%E7%BC%96/atog/2013/A95.xls	2013	A95	2013年各地区万人口中医类医院床位数及万人口全国中医执业(助理)医师数	official_excel_numeric_extracted	official_natcm_excel_parsed	TCM hospital beds and TCM practicing/assistant physicians per population.	25820000	persons	natcm_2013_extract_a95	NATCM table reports province population in 10,000 persons; converted to persons.	17625	10336	6.8261037955073585	4.003098373353989	3	4	beds	persons	Official NATCM Excel table; main core-density supply exposure.
福建省	2013	natcm_2013_extract_a95	National Administration of Traditional Chinese Medicine 2013 National TCM Statistical Extract	http://www.natcm.gov.cn/2020tjzb/%E5%85%A8%E5%9B%BD%E4%B8%AD%E5%8C%BB%E8%8D%AF%E7%BB%9F%E8%AE%A1%E6%91%98%E7%BC%96/atog/2013/A95.xls	2013	A95	2013年各地区万人口中医类医院床位数及万人口全国中医执业(助理)医师数	official_excel_numeric_extracted	official_natcm_excel_parsed	TCM hospital beds and TCM practicing/assistant physicians per population.	37740000	persons	natcm_2013_extract_a95	NATCM table reports province population in 10,000 persons; converted to persons.	18284	11484	4.8447270800211975	3.042925278219396	19	11	beds	persons	Official NATCM Excel table; main core-density supply exposure.
西藏自治区	2013	natcm_2013_extract_a95	National Administration of Traditional Chinese Medicine 2013 National TCM Statistical Extract	http://www.natcm.gov.cn/2020tjzb/%E5%85%A8%E5%9B%BD%E4%B8%AD%E5%8C%BB%E8%8D%AF%E7%BB%9F%E8%AE%A1%E6%91%98%E7%BC%96/atog/2013/A95.xls	2013	A95	2013年各地区万人口中医类医院床位数及万人口全国中医执业(助理)医师数	official_excel_numeric_extracted	official_natcm_excel_parsed	TCM hospital beds and TCM practicing/assistant physicians per population.	3120000	persons	natcm_2013_extract_a95	NATCM table reports province population in 10,000 persons; converted to persons.	1109	1126	3.5544871794871793	3.608974358974359	30	8	beds	persons	Official NATCM Excel table; main core-density supply exposure.
贵州省	2013	natcm_2013_extract_a95	National Administration of Traditional Chinese Medicine 2013 National TCM Statistical Extract	http://www.natcm.gov.cn/2020tjzb/%E5%85%A8%E5%9B%BD%E4%B8%AD%E5%8C%BB%E8%8D%AF%E7%BB%9F%E8%AE%A1%E6%91%98%E7%BC%96/atog/2013/A95.xls	2013	A95	2013年各地区万人口中医类医院床位数及万人口全国中医执业(助理)医师数	official_excel_numeric_extracted	official_natcm_excel_parsed	TCM hospital beds and TCM practicing/assistant physicians per population.	35020000	persons	natcm_2013_extract_a95	NATCM table reports province population in 10,000 persons; converted to persons.	16938	6824	4.836664762992576	1.9486007995431185	20	29	beds	persons	Official NATCM Excel table; main core-density supply exposure.
辽宁省	2013	natcm_2013_extract_a95	National Administration of Traditional Chinese Medicine 2013 National TCM Statistical Extract	http://www.natcm.gov.cn/2020tjzb/%E5%85%A8%E5%9B%BD%E4%B8%AD%E5%8C%BB%E8%8D%AF%E7%BB%9F%E8%AE%A1%E6%91%98%E7%BC%96/atog/2013/A95.xls	2013	A95	2013年各地区万人口中医类医院床位数及万人口全国中医执业(助理)医师数	official_excel_numeric_extracted	official_natcm_excel_parsed	TCM hospital beds and TCM practicing/assistant physicians per population.	43900000	persons	natcm_2013_extract_a95	NATCM table reports province population in 10,000 persons; converted to persons.	21486	11249	4.894305239179954	2.5624145785876995	18	20	beds	persons	Official NATCM Excel table; main core-density supply exposure.
重庆市	2013	natcm_2013_extract_a95	National Administration of Traditional Chinese Medicine 2013 National TCM Statistical Extract	http://www.natcm.gov.cn/2020tjzb/%E5%85%A8%E5%9B%BD%E4%B8%AD%E5%8C%BB%E8%8D%AF%E7%BB%9F%E8%AE%A1%E6%91%98%E7%BC%96/atog/2013/A95.xls	2013	A95	2013年各地区万人口中医类医院床位数及万人口全国中医执业(助理)医师数	official_excel_numeric_extracted	official_natcm_excel_parsed	TCM hospital beds and TCM practicing/assistant physicians per population.	29700000	persons	natcm_2013_extract_a95	NATCM table reports province population in 10,000 persons; converted to persons.	16181	11082	5.448148148148148	3.731313131313131	11	6	beds	persons	Official NATCM Excel table; main core-density supply exposure.
陕西省	2013	natcm_2013_extract_a95	National Administration of Traditional Chinese Medicine 2013 National TCM Statistical Extract	http://www.natcm.gov.cn/2020tjzb/%E5%85%A8%E5%9B%BD%E4%B8%AD%E5%8C%BB%E8%8D%AF%E7%BB%9F%E8%AE%A1%E6%91%98%E7%BC%96/atog/2013/A95.xls	2013	A95	2013年各地区万人口中医类医院床位数及万人口全国中医执业(助理)医师数	official_excel_numeric_extracted	official_natcm_excel_parsed	TCM hospital beds and TCM practicing/assistant physicians per population.	37640000	persons	natcm_2013_extract_a95	NATCM table reports province population in 10,000 persons; converted to persons.	23015	10388	6.114505844845908	2.759829968119022	5	14	beds	persons	Official NATCM Excel table; main core-density supply exposure.
青海省	2013	natcm_2013_extract_a95	National Administration of Traditional Chinese Medicine 2013 National TCM Statistical Extract	http://www.natcm.gov.cn/2020tjzb/%E5%85%A8%E5%9B%BD%E4%B8%AD%E5%8C%BB%E8%8D%AF%E7%BB%9F%E8%AE%A1%E6%91%98%E7%BC%96/atog/2013/A95.xls	2013	A95	2013年各地区万人口中医类医院床位数及万人口全国中医执业(助理)医师数	official_excel_numeric_extracted	official_natcm_excel_parsed	TCM hospital beds and TCM practicing/assistant physicians per population.	5780000	persons	natcm_2013_extract_a95	NATCM table reports province population in 10,000 persons; converted to persons.	4052	1959	7.010380622837371	3.389273356401384	2	9	beds	persons	Official NATCM Excel table; main core-density supply exposure.
黑龙江省	2013	natcm_2013_extract_a95	National Administration of Traditional Chinese Medicine 2013 National TCM Statistical Extract	http://www.natcm.gov.cn/2020tjzb/%E5%85%A8%E5%9B%BD%E4%B8%AD%E5%8C%BB%E8%8D%AF%E7%BB%9F%E8%AE%A1%E6%91%98%E7%BC%96/atog/2013/A95.xls	2013	A95	2013年各地区万人口中医类医院床位数及万人口全国中医执业(助理)医师数	official_excel_numeric_extracted	official_natcm_excel_parsed	TCM hospital beds and TCM practicing/assistant physicians per population.	38350000	persons	natcm_2013_extract_a95	NATCM table reports province population in 10,000 persons; converted to persons.	18167	8957	4.737157757496741	2.335593220338983	21	25	beds	persons	Official NATCM Excel table; main core-density supply exposure.
上海市	2015	natcm_2015_extract_a95	National Administration of Traditional Chinese Medicine 2015 National TCM Statistical Extract	http://www.natcm.gov.cn/2020tjzb/%E5%85%A8%E5%9B%BD%E4%B8%AD%E5%8C%BB%E8%8D%AF%E7%BB%9F%E8%AE%A1%E6%91%98%E7%BC%96/atog/2015/A95.xls	2015	A95	2015年各地区万人口中医类医院床位数及万人口全国中医执业(助理)医师数	official_excel_numeric_extracted	official_natcm_excel_parsed	TCM hospital beds and TCM practicing/assistant physicians per population.	24150000	persons	natcm_2015_extract_a95	NATCM table reports province population in 10,000 persons; converted to persons.	9468	7450	3.92	3.08	31	16	beds	persons	Official NATCM Excel table; main core-density supply exposure.
云南省	2015	natcm_2015_extract_a95	National Administration of Traditional Chinese Medicine 2015 National TCM Statistical Extract	http://www.natcm.gov.cn/2020tjzb/%E5%85%A8%E5%9B%BD%E4%B8%AD%E5%8C%BB%E8%8D%AF%E7%BB%9F%E8%AE%A1%E6%91%98%E7%BC%96/atog/2015/A95.xls	2015	A95	2015年各地区万人口中医类医院床位数及万人口全国中医执业(助理)医师数	official_excel_numeric_extracted	official_natcm_excel_parsed	TCM hospital beds and TCM practicing/assistant physicians per population.	47420000	persons	natcm_2015_extract_a95	NATCM table reports province population in 10,000 persons; converted to persons.	25640	9973	5.41	2.1	23	29	beds	persons	Official NATCM Excel table; main core-density supply exposure.
内蒙古自治区	2015	natcm_2015_extract_a95	National Administration of Traditional Chinese Medicine 2015 National TCM Statistical Extract	http://www.natcm.gov.cn/2020tjzb/%E5%85%A8%E5%9B%BD%E4%B8%AD%E5%8C%BB%E8%8D%AF%E7%BB%9F%E8%AE%A1%E6%91%98%E7%BC%96/atog/2015/A95.xls	2015	A95	2015年各地区万人口中医类医院床位数及万人口全国中医执业(助理)医师数	official_excel_numeric_extracted	official_natcm_excel_parsed	TCM hospital beds and TCM practicing/assistant physicians per population.	25110000	persons	natcm_2015_extract_a95	NATCM table reports province population in 10,000 persons; converted to persons.	19997	12926	7.96	5.15	4	3	beds	persons	Official NATCM Excel table; main core-density supply exposure.
北京市	2015	natcm_2015_extract_a95	National Administration of Traditional Chinese Medicine 2015 National TCM Statistical Extract	http://www.natcm.gov.cn/2020tjzb/%E5%85%A8%E5%9B%BD%E4%B8%AD%E5%8C%BB%E8%8D%AF%E7%BB%9F%E8%AE%A1%E6%91%98%E7%BC%96/atog/2015/A95.xls	2015	A95	2015年各地区万人口中医类医院床位数及万人口全国中医执业(助理)医师数	official_excel_numeric_extracted	official_natcm_excel_parsed	TCM hospital beds and TCM practicing/assistant physicians per population.	21710000	persons	natcm_2015_extract_a95	NATCM table reports province population in 10,000 persons; converted to persons.	19810	15947	9.12	7.35	2	1	beds	persons	Official NATCM Excel table; main core-density supply exposure.
吉林省	2015	natcm_2015_extract_a95	National Administration of Traditional Chinese Medicine 2015 National TCM Statistical Extract	http://www.natcm.gov.cn/2020tjzb/%E5%85%A8%E5%9B%BD%E4%B8%AD%E5%8C%BB%E8%8D%AF%E7%BB%9F%E8%AE%A1%E6%91%98%E7%BC%96/atog/2015/A95.xls	2015	A95	2015年各地区万人口中医类医院床位数及万人口全国中医执业(助理)医师数	official_excel_numeric_extracted	official_natcm_excel_parsed	TCM hospital beds and TCM practicing/assistant physicians per population.	27530000	persons	natcm_2015_extract_a95	NATCM table reports province population in 10,000 persons; converted to persons.	15787	9185	5.73	3.34	18	13	beds	persons	Official NATCM Excel table; main core-density supply exposure.
四川省	2015	natcm_2015_extract_a95	National Administration of Traditional Chinese Medicine 2015 National TCM Statistical Extract	http://www.natcm.gov.cn/2020tjzb/%E5%85%A8%E5%9B%BD%E4%B8%AD%E5%8C%BB%E8%8D%AF%E7%BB%9F%E8%AE%A1%E6%91%98%E7%BC%96/atog/2015/A95.xls	2015	A95	2015年各地区万人口中医类医院床位数及万人口全国中医执业(助理)医师数	official_excel_numeric_extracted	official_natcm_excel_parsed	TCM hospital beds and TCM practicing/assistant physicians per population.	82040000	persons	natcm_2015_extract_a95	NATCM table reports province population in 10,000 persons; converted to persons.	57023	45132	6.95	5.5	9	2	beds	persons	Official NATCM Excel table; main core-density supply exposure.
天津市	2015	natcm_2015_extract_a95	National Administration of Traditional Chinese Medicine 2015 National TCM Statistical Extract	http://www.natcm.gov.cn/2020tjzb/%E5%85%A8%E5%9B%BD%E4%B8%AD%E5%8C%BB%E8%8D%AF%E7%BB%9F%E8%AE%A1%E6%91%98%E7%BC%96/atog/2015/A95.xls	2015	A95	2015年各地区万人口中医类医院床位数及万人口全国中医执业(助理)医师数	official_excel_numeric_extracted	official_natcm_excel_parsed	TCM hospital beds and TCM practicing/assistant physicians per population.	15470000	persons	natcm_2015_extract_a95	NATCM table reports province population in 10,000 persons; converted to persons.	8769	6863	5.67	4.44	21	5	beds	persons	Official NATCM Excel table; main core-density supply exposure.
宁夏回族自治区	2015	natcm_2015_extract_a95	National Administration of Traditional Chinese Medicine 2015 National TCM Statistical Extract	http://www.natcm.gov.cn/2020tjzb/%E5%85%A8%E5%9B%BD%E4%B8%AD%E5%8C%BB%E8%8D%AF%E7%BB%9F%E8%AE%A1%E6%91%98%E7%BC%96/atog/2015/A95.xls	2015	A95	2015年各地区万人口中医类医院床位数及万人口全国中医执业(助理)医师数	official_excel_numeric_extracted	official_natcm_excel_parsed	TCM hospital beds and TCM practicing/assistant physicians per population.	6680000	persons	natcm_2015_extract_a95	NATCM table reports province population in 10,000 persons; converted to persons.	4192	1994	6.28	2.99	12	20	beds	persons	Official NATCM Excel table; main core-density supply exposure.
安徽省	2015	natcm_2015_extract_a95	National Administration of Traditional Chinese Medicine 2015 National TCM Statistical Extract	http://www.natcm.gov.cn/2020tjzb/%E5%85%A8%E5%9B%BD%E4%B8%AD%E5%8C%BB%E8%8D%AF%E7%BB%9F%E8%AE%A1%E6%91%98%E7%BC%96/atog/2015/A95.xls	2015	A95	2015年各地区万人口中医类医院床位数及万人口全国中医执业(助理)医师数	official_excel_numeric_extracted	official_natcm_excel_parsed	TCM hospital beds and TCM practicing/assistant physicians per population.	61440000	persons	natcm_2015_extract_a95	NATCM table reports province population in 10,000 persons; converted to persons.	29318	11837	4.77	1.93	28	31	beds	persons	Official NATCM Excel table; main core-density supply exposure.
山东省	2015	natcm_2015_extract_a95	National Administration of Traditional Chinese Medicine 2015 National TCM Statistical Extract	http://www.natcm.gov.cn/2020tjzb/%E5%85%A8%E5%9B%BD%E4%B8%AD%E5%8C%BB%E8%8D%AF%E7%BB%9F%E8%AE%A1%E6%91%98%E7%BC%96/atog/2015/A95.xls	2015	A95	2015年各地区万人口中医类医院床位数及万人口全国中医执业(助理)医师数	official_excel_numeric_extracted	official_natcm_excel_parsed	TCM hospital beds and TCM practicing/assistant physicians per population.	98470000	persons	natcm_2015_extract_a95	NATCM table reports province population in 10,000 persons; converted to persons.	56427	31235	5.73	3.17	19	14	beds	persons	Official NATCM Excel table; main core-density supply exposure.
山西省	2015	natcm_2015_extract_a95	National Administration of Traditional Chinese Medicine 2015 National TCM Statistical Extract	http://www.natcm.gov.cn/2020tjzb/%E5%85%A8%E5%9B%BD%E4%B8%AD%E5%8C%BB%E8%8D%AF%E7%BB%9F%E8%AE%A1%E6%91%98%E7%BC%96/atog/2015/A95.xls	2015	A95	2015年各地区万人口中医类医院床位数及万人口全国中医执业(助理)医师数	official_excel_numeric_extracted	official_natcm_excel_parsed	TCM hospital beds and TCM practicing/assistant physicians per population.	36640000	persons	natcm_2015_extract_a95	NATCM table reports province population in 10,000 persons; converted to persons.	17493	14203	4.77	3.88	27	9	beds	persons	Official NATCM Excel table; main core-density supply exposure.
广东省	2015	natcm_2015_extract_a95	National Administration of Traditional Chinese Medicine 2015 National TCM Statistical Extract	http://www.natcm.gov.cn/2020tjzb/%E5%85%A8%E5%9B%BD%E4%B8%AD%E5%8C%BB%E8%8D%AF%E7%BB%9F%E8%AE%A1%E6%91%98%E7%BC%96/atog/2015/A95.xls	2015	A95	2015年各地区万人口中医类医院床位数及万人口全国中医执业(助理)医师数	official_excel_numeric_extracted	official_natcm_excel_parsed	TCM hospital beds and TCM practicing/assistant physicians per population.	108490000	persons	natcm_2015_extract_a95	NATCM table reports province population in 10,000 persons; converted to persons.	45404	33401	4.19	3.08	30	17	beds	persons	Official NATCM Excel table; main core-density supply exposure.
广西壮族自治区	2015	natcm_2015_extract_a95	National Administration of Traditional Chinese Medicine 2015 National TCM Statistical Extract	http://www.natcm.gov.cn/2020tjzb/%E5%85%A8%E5%9B%BD%E4%B8%AD%E5%8C%BB%E8%8D%AF%E7%BB%9F%E8%AE%A1%E6%91%98%E7%BC%96/atog/2015/A95.xls	2015	A95	2015年各地区万人口中医类医院床位数及万人口全国中医执业(助理)医师数	official_excel_numeric_extracted	official_natcm_excel_parsed	TCM hospital beds and TCM practicing/assistant physicians per population.	47960000	persons	natcm_2015_extract_a95	NATCM table reports province population in 10,000 persons; converted to persons.	27272	12874	5.69	2.68	20	25	beds	persons	Official NATCM Excel table; main core-density supply exposure.
新疆维吾尔自治区	2015	natcm_2015_extract_a95	National Administration of Traditional Chinese Medicine 2015 National TCM Statistical Extract	http://www.natcm.gov.cn/2020tjzb/%E5%85%A8%E5%9B%BD%E4%B8%AD%E5%8C%BB%E8%8D%AF%E7%BB%9F%E8%AE%A1%E6%91%98%E7%BC%96/atog/2015/A95.xls	2015	A95	2015年各地区万人口中医类医院床位数及万人口全国中医执业(助理)医师数	official_excel_numeric_extracted	official_natcm_excel_parsed	TCM hospital beds and TCM practicing/assistant physicians per population.	23600000	persons	natcm_2015_extract_a95	NATCM table reports province population in 10,000 persons; converted to persons.	17784	6729	7.54	2.85	5	21	beds	persons	Official NATCM Excel table; main core-density supply exposure.
江苏省	2015	natcm_2015_extract_a95	National Administration of Traditional Chinese Medicine 2015 National TCM Statistical Extract	http://www.natcm.gov.cn/2020tjzb/%E5%85%A8%E5%9B%BD%E4%B8%AD%E5%8C%BB%E8%8D%AF%E7%BB%9F%E8%AE%A1%E6%91%98%E7%BC%96/atog/2015/A95.xls	2015	A95	2015年各地区万人口中医类医院床位数及万人口全国中医执业(助理)医师数	official_excel_numeric_extracted	official_natcm_excel_parsed	TCM hospital beds and TCM practicing/assistant physicians per population.	79760000	persons	natcm_2015_extract_a95	NATCM table reports province population in 10,000 persons; converted to persons.	46874	21472	5.88	2.69	16	24	beds	persons	Official NATCM Excel table; main core-density supply exposure.
江西省	2015	natcm_2015_extract_a95	National Administration of Traditional Chinese Medicine 2015 National TCM Statistical Extract	http://www.natcm.gov.cn/2020tjzb/%E5%85%A8%E5%9B%BD%E4%B8%AD%E5%8C%BB%E8%8D%AF%E7%BB%9F%E8%AE%A1%E6%91%98%E7%BC%96/atog/2015/A95.xls	2015	A95	2015年各地区万人口中医类医院床位数及万人口全国中医执业(助理)医师数	official_excel_numeric_extracted	official_natcm_excel_parsed	TCM hospital beds and TCM practicing/assistant physicians per population.	45660000	persons	natcm_2015_extract_a95	NATCM table reports province population in 10,000 persons; converted to persons.	25236	11053	5.53	2.42	22	28	beds	persons	Official NATCM Excel table; main core-density supply exposure.
河北省	2015	natcm_2015_extract_a95	National Administration of Traditional Chinese Medicine 2015 National TCM Statistical Extract	http://www.natcm.gov.cn/2020tjzb/%E5%85%A8%E5%9B%BD%E4%B8%AD%E5%8C%BB%E8%8D%AF%E7%BB%9F%E8%AE%A1%E6%91%98%E7%BC%96/atog/2015/A95.xls	2015	A95	2015年各地区万人口中医类医院床位数及万人口全国中医执业(助理)医师数	official_excel_numeric_extracted	official_natcm_excel_parsed	TCM hospital beds and TCM practicing/assistant physicians per population.	74520000	persons	natcm_2015_extract_a95	NATCM table reports province population in 10,000 persons; converted to persons.	38046	25162	5.11	3.38	26	11	beds	persons	Official NATCM Excel table; main core-density supply exposure.
河南省	2015	natcm_2015_extract_a95	National Administration of Traditional Chinese Medicine 2015 National TCM Statistical Extract	http://www.natcm.gov.cn/2020tjzb/%E5%85%A8%E5%9B%BD%E4%B8%AD%E5%8C%BB%E8%8D%AF%E7%BB%9F%E8%AE%A1%E6%91%98%E7%BC%96/atog/2015/A95.xls	2015	A95	2015年各地区万人口中医类医院床位数及万人口全国中医执业(助理)医师数	official_excel_numeric_extracted	official_natcm_excel_parsed	TCM hospital beds and TCM practicing/assistant physicians per population.	94800000	persons	natcm_2015_extract_a95	NATCM table reports province population in 10,000 persons; converted to persons.	57078	29702	6.02	3.13	13	15	beds	persons	Official NATCM Excel table; main core-density supply exposure.
浙江省	2015	natcm_2015_extract_a95	National Administration of Traditional Chinese Medicine 2015 National TCM Statistical Extract	http://www.natcm.gov.cn/2020tjzb/%E5%85%A8%E5%9B%BD%E4%B8%AD%E5%8C%BB%E8%8D%AF%E7%BB%9F%E8%AE%A1%E6%91%98%E7%BC%96/atog/2015/A95.xls	2015	A95	2015年各地区万人口中医类医院床位数及万人口全国中医执业(助理)医师数	official_excel_numeric_extracted	official_natcm_excel_parsed	TCM hospital beds and TCM practicing/assistant physicians per population.	55390000	persons	natcm_2015_extract_a95	NATCM table reports province population in 10,000 persons; converted to persons.	39184	22874	7.07	4.13	8	8	beds	persons	Official NATCM Excel table; main core-density supply exposure.
海南省	2015	natcm_2015_extract_a95	National Administration of Traditional Chinese Medicine 2015 National TCM Statistical Extract	http://www.natcm.gov.cn/2020tjzb/%E5%85%A8%E5%9B%BD%E4%B8%AD%E5%8C%BB%E8%8D%AF%E7%BB%9F%E8%AE%A1%E6%91%98%E7%BC%96/atog/2015/A95.xls	2015	A95	2015年各地区万人口中医类医院床位数及万人口全国中医执业(助理)医师数	official_excel_numeric_extracted	official_natcm_excel_parsed	TCM hospital beds and TCM practicing/assistant physicians per population.	9110000	persons	natcm_2015_extract_a95	NATCM table reports province population in 10,000 persons; converted to persons.	4040	1893	4.43	2.08	29	30	beds	persons	Official NATCM Excel table; main core-density supply exposure.
湖北省	2015	natcm_2015_extract_a95	National Administration of Traditional Chinese Medicine 2015 National TCM Statistical Extract	http://www.natcm.gov.cn/2020tjzb/%E5%85%A8%E5%9B%BD%E4%B8%AD%E5%8C%BB%E8%8D%AF%E7%BB%9F%E8%AE%A1%E6%91%98%E7%BC%96/atog/2015/A95.xls	2015	A95	2015年各地区万人口中医类医院床位数及万人口全国中医执业(助理)医师数	official_excel_numeric_extracted	official_natcm_excel_parsed	TCM hospital beds and TCM practicing/assistant physicians per population.	58520000	persons	natcm_2015_extract_a95	NATCM table reports province population in 10,000 persons; converted to persons.	39870	15963	6.81	2.73	11	23	beds	persons	Official NATCM Excel table; main core-density supply exposure.
湖南省	2015	natcm_2015_extract_a95	National Administration of Traditional Chinese Medicine 2015 National TCM Statistical Extract	http://www.natcm.gov.cn/2020tjzb/%E5%85%A8%E5%9B%BD%E4%B8%AD%E5%8C%BB%E8%8D%AF%E7%BB%9F%E8%AE%A1%E6%91%98%E7%BC%96/atog/2015/A95.xls	2015	A95	2015年各地区万人口中医类医院床位数及万人口全国中医执业(助理)医师数	official_excel_numeric_extracted	official_natcm_excel_parsed	TCM hospital beds and TCM practicing/assistant physicians per population.	67830000	persons	natcm_2015_extract_a95	NATCM table reports province population in 10,000 persons; converted to persons.	48208	20744	7.11	3.06	7	18	beds	persons	Official NATCM Excel table; main core-density supply exposure.
甘肃省	2015	natcm_2015_extract_a95	National Administration of Traditional Chinese Medicine 2015 National TCM Statistical Extract	http://www.natcm.gov.cn/2020tjzb/%E5%85%A8%E5%9B%BD%E4%B8%AD%E5%8C%BB%E8%8D%AF%E7%BB%9F%E8%AE%A1%E6%91%98%E7%BC%96/atog/2015/A95.xls	2015	A95	2015年各地区万人口中医类医院床位数及万人口全国中医执业(助理)医师数	official_excel_numeric_extracted	official_natcm_excel_parsed	TCM hospital beds and TCM practicing/assistant physicians per population.	26000000	persons	natcm_2015_extract_a95	NATCM table reports province population in 10,000 persons; converted to persons.	22031	12039	8.47	4.63	3	4	beds	persons	Official NATCM Excel table; main core-density supply exposure.
福建省	2015	natcm_2015_extract_a95	National Administration of Traditional Chinese Medicine 2015 National TCM Statistical Extract	http://www.natcm.gov.cn/2020tjzb/%E5%85%A8%E5%9B%BD%E4%B8%AD%E5%8C%BB%E8%8D%AF%E7%BB%9F%E8%AE%A1%E6%91%98%E7%BC%96/atog/2015/A95.xls	2015	A95	2015年各地区万人口中医类医院床位数及万人口全国中医执业(助理)医师数	official_excel_numeric_extracted	official_natcm_excel_parsed	TCM hospital beds and TCM practicing/assistant physicians per population.	38390000	persons	natcm_2015_extract_a95	NATCM table reports province population in 10,000 persons; converted to persons.	20427	12901	5.32	3.36	25	12	beds	persons	Official NATCM Excel table; main core-density supply exposure.
西藏自治区	2015	natcm_2015_extract_a95	National Administration of Traditional Chinese Medicine 2015 National TCM Statistical Extract	http://www.natcm.gov.cn/2020tjzb/%E5%85%A8%E5%9B%BD%E4%B8%AD%E5%8C%BB%E8%8D%AF%E7%BB%9F%E8%AE%A1%E6%91%98%E7%BC%96/atog/2015/A95.xls	2015	A95	2015年各地区万人口中医类医院床位数及万人口全国中医执业(助理)医师数	official_excel_numeric_extracted	official_natcm_excel_parsed	TCM hospital beds and TCM practicing/assistant physicians per population.	3240000	persons	natcm_2015_extract_a95	NATCM table reports province population in 10,000 persons; converted to persons.	1747	1169	5.39	3.61	24	10	beds	persons	Official NATCM Excel table; main core-density supply exposure.
贵州省	2015	natcm_2015_extract_a95	National Administration of Traditional Chinese Medicine 2015 National TCM Statistical Extract	http://www.natcm.gov.cn/2020tjzb/%E5%85%A8%E5%9B%BD%E4%B8%AD%E5%8C%BB%E8%8D%AF%E7%BB%9F%E8%AE%A1%E6%91%98%E7%BC%96/atog/2015/A95.xls	2015	A95	2015年各地区万人口中医类医院床位数及万人口全国中医执业(助理)医师数	official_excel_numeric_extracted	official_natcm_excel_parsed	TCM hospital beds and TCM practicing/assistant physicians per population.	35300000	persons	natcm_2015_extract_a95	NATCM table reports province population in 10,000 persons; converted to persons.	20757	8549	5.88	2.42	15	27	beds	persons	Official NATCM Excel table; main core-density supply exposure.
辽宁省	2015	natcm_2015_extract_a95	National Administration of Traditional Chinese Medicine 2015 National TCM Statistical Extract	http://www.natcm.gov.cn/2020tjzb/%E5%85%A8%E5%9B%BD%E4%B8%AD%E5%8C%BB%E8%8D%AF%E7%BB%9F%E8%AE%A1%E6%91%98%E7%BC%96/atog/2015/A95.xls	2015	A95	2015年各地区万人口中医类医院床位数及万人口全国中医执业(助理)医师数	official_excel_numeric_extracted	official_natcm_excel_parsed	TCM hospital beds and TCM practicing/assistant physicians per population.	43820000	persons	natcm_2015_extract_a95	NATCM table reports province population in 10,000 persons; converted to persons.	25566	12136	5.83	2.77	17	22	beds	persons	Official NATCM Excel table; main core-density supply exposure.
重庆市	2015	natcm_2015_extract_a95	National Administration of Traditional Chinese Medicine 2015 National TCM Statistical Extract	http://www.natcm.gov.cn/2020tjzb/%E5%85%A8%E5%9B%BD%E4%B8%AD%E5%8C%BB%E8%8D%AF%E7%BB%9F%E8%AE%A1%E6%91%98%E7%BC%96/atog/2015/A95.xls	2015	A95	2015年各地区万人口中医类医院床位数及万人口全国中医执业(助理)医师数	official_excel_numeric_extracted	official_natcm_excel_parsed	TCM hospital beds and TCM practicing/assistant physicians per population.	30170000	persons	natcm_2015_extract_a95	NATCM table reports province population in 10,000 persons; converted to persons.	20713	12794	6.87	4.24	10	6	beds	persons	Official NATCM Excel table; main core-density supply exposure.
陕西省	2015	natcm_2015_extract_a95	National Administration of Traditional Chinese Medicine 2015 National TCM Statistical Extract	http://www.natcm.gov.cn/2020tjzb/%E5%85%A8%E5%9B%BD%E4%B8%AD%E5%8C%BB%E8%8D%AF%E7%BB%9F%E8%AE%A1%E6%91%98%E7%BC%96/atog/2015/A95.xls	2015	A95	2015年各地区万人口中医类医院床位数及万人口全国中医执业(助理)医师数	official_excel_numeric_extracted	official_natcm_excel_parsed	TCM hospital beds and TCM practicing/assistant physicians per population.	37930000	persons	natcm_2015_extract_a95	NATCM table reports province population in 10,000 persons; converted to persons.	27271	11533	7.19	3.04	6	19	beds	persons	Official NATCM Excel table; main core-density supply exposure.
青海省	2015	natcm_2015_extract_a95	National Administration of Traditional Chinese Medicine 2015 National TCM Statistical Extract	http://www.natcm.gov.cn/2020tjzb/%E5%85%A8%E5%9B%BD%E4%B8%AD%E5%8C%BB%E8%8D%AF%E7%BB%9F%E8%AE%A1%E6%91%98%E7%BC%96/atog/2015/A95.xls	2015	A95	2015年各地区万人口中医类医院床位数及万人口全国中医执业(助理)医师数	official_excel_numeric_extracted	official_natcm_excel_parsed	TCM hospital beds and TCM practicing/assistant physicians per population.	5880000	persons	natcm_2015_extract_a95	NATCM table reports province population in 10,000 persons; converted to persons.	5444	2448	9.26	4.16	1	7	beds	persons	Official NATCM Excel table; main core-density supply exposure.
黑龙江省	2015	natcm_2015_extract_a95	National Administration of Traditional Chinese Medicine 2015 National TCM Statistical Extract	http://www.natcm.gov.cn/2020tjzb/%E5%85%A8%E5%9B%BD%E4%B8%AD%E5%8C%BB%E8%8D%AF%E7%BB%9F%E8%AE%A1%E6%91%98%E7%BC%96/atog/2015/A95.xls	2015	A95	2015年各地区万人口中医类医院床位数及万人口全国中医执业(助理)医师数	official_excel_numeric_extracted	official_natcm_excel_parsed	TCM hospital beds and TCM practicing/assistant physicians per population.	38120000	persons	natcm_2015_extract_a95	NATCM table reports province population in 10,000 persons; converted to persons.	22536	10009	5.91	2.63	14	26	beds	persons	Official NATCM Excel table; main core-density supply exposure.
上海市	2018	natcm_2018_extract_a95	National Administration of Traditional Chinese Medicine 2018 National TCM Statistical Extract	http://www.natcm.gov.cn/2020tjzb/%E5%85%A8%E5%9B%BD%E4%B8%AD%E5%8C%BB%E8%8D%AF%E7%BB%9F%E8%AE%A1%E6%91%98%E7%BC%96/atog/2018/A95.xlsx	2018	A95	2018年各地区万人口中医类医院床位数及万人口全国中医执业(助理)医师数	official_excel_numeric_extracted	official_natcm_excel_parsed	TCM hospital beds and TCM practicing/assistant physicians per population.	24240000	persons	natcm_2018_extract_a95	NATCM table reports province population in 10,000 persons; converted to persons.	10790	8952	4.45	3.69	31	20	beds	persons	Official NATCM Excel table; main core-density supply exposure.
云南省	2018	natcm_2018_extract_a95	National Administration of Traditional Chinese Medicine 2018 National TCM Statistical Extract	http://www.natcm.gov.cn/2020tjzb/%E5%85%A8%E5%9B%BD%E4%B8%AD%E5%8C%BB%E8%8D%AF%E7%BB%9F%E8%AE%A1%E6%91%98%E7%BC%96/atog/2018/A95.xlsx	2018	A95	2018年各地区万人口中医类医院床位数及万人口全国中医执业(助理)医师数	official_excel_numeric_extracted	official_natcm_excel_parsed	TCM hospital beds and TCM practicing/assistant physicians per population.	48300000	persons	natcm_2018_extract_a95	NATCM table reports province population in 10,000 persons; converted to persons.	31847	13654	6.59	2.83	24	28	beds	persons	Official NATCM Excel table; main core-density supply exposure.
内蒙古自治区	2018	natcm_2018_extract_a95	National Administration of Traditional Chinese Medicine 2018 National TCM Statistical Extract	http://www.natcm.gov.cn/2020tjzb/%E5%85%A8%E5%9B%BD%E4%B8%AD%E5%8C%BB%E8%8D%AF%E7%BB%9F%E8%AE%A1%E6%91%98%E7%BC%96/atog/2018/A95.xlsx	2018	A95	2018年各地区万人口中医类医院床位数及万人口全国中医执业(助理)医师数	official_excel_numeric_extracted	official_natcm_excel_parsed	TCM hospital beds and TCM practicing/assistant physicians per population.	25340000	persons	natcm_2018_extract_a95	NATCM table reports province population in 10,000 persons; converted to persons.	29953	15554	11.82	6.14	1	4	beds	persons	Official NATCM Excel table; main core-density supply exposure.
北京市	2018	natcm_2018_extract_a95	National Administration of Traditional Chinese Medicine 2018 National TCM Statistical Extract	http://www.natcm.gov.cn/2020tjzb/%E5%85%A8%E5%9B%BD%E4%B8%AD%E5%8C%BB%E8%8D%AF%E7%BB%9F%E8%AE%A1%E6%91%98%E7%BC%96/atog/2018/A95.xlsx	2018	A95	2018年各地区万人口中医类医院床位数及万人口全国中医执业(助理)医师数	official_excel_numeric_extracted	official_natcm_excel_parsed	TCM hospital beds and TCM practicing/assistant physicians per population.	21540000	persons	natcm_2018_extract_a95	NATCM table reports province population in 10,000 persons; converted to persons.	24867	19670	11.54	9.13	2	1	beds	persons	Official NATCM Excel table; main core-density supply exposure.
吉林省	2018	natcm_2018_extract_a95	National Administration of Traditional Chinese Medicine 2018 National TCM Statistical Extract	http://www.natcm.gov.cn/2020tjzb/%E5%85%A8%E5%9B%BD%E4%B8%AD%E5%8C%BB%E8%8D%AF%E7%BB%9F%E8%AE%A1%E6%91%98%E7%BC%96/atog/2018/A95.xlsx	2018	A95	2018年各地区万人口中医类医院床位数及万人口全国中医执业(助理)医师数	official_excel_numeric_extracted	official_natcm_excel_parsed	TCM hospital beds and TCM practicing/assistant physicians per population.	27040000	persons	natcm_2018_extract_a95	NATCM table reports province population in 10,000 persons; converted to persons.	19782	12090	7.32	4.47	15	11	beds	persons	Official NATCM Excel table; main core-density supply exposure.
四川省	2018	natcm_2018_extract_a95	National Administration of Traditional Chinese Medicine 2018 National TCM Statistical Extract	http://www.natcm.gov.cn/2020tjzb/%E5%85%A8%E5%9B%BD%E4%B8%AD%E5%8C%BB%E8%8D%AF%E7%BB%9F%E8%AE%A1%E6%91%98%E7%BC%96/atog/2018/A95.xlsx	2018	A95	2018年各地区万人口中医类医院床位数及万人口全国中医执业(助理)医师数	official_excel_numeric_extracted	official_natcm_excel_parsed	TCM hospital beds and TCM practicing/assistant physicians per population.	83410000	persons	natcm_2018_extract_a95	NATCM table reports province population in 10,000 persons; converted to persons.	70312	51816	8.43	6.21	8	3	beds	persons	Official NATCM Excel table; main core-density supply exposure.
天津市	2018	natcm_2018_extract_a95	National Administration of Traditional Chinese Medicine 2018 National TCM Statistical Extract	http://www.natcm.gov.cn/2020tjzb/%E5%85%A8%E5%9B%BD%E4%B8%AD%E5%8C%BB%E8%8D%AF%E7%BB%9F%E8%AE%A1%E6%91%98%E7%BC%96/atog/2018/A95.xlsx	2018	A95	2018年各地区万人口中医类医院床位数及万人口全国中医执业(助理)医师数	official_excel_numeric_extracted	official_natcm_excel_parsed	TCM hospital beds and TCM practicing/assistant physicians per population.	15600000	persons	natcm_2018_extract_a95	NATCM table reports province population in 10,000 persons; converted to persons.	9645	8975	6.18	5.75	25	5	beds	persons	Official NATCM Excel table; main core-density supply exposure.
宁夏回族自治区	2018	natcm_2018_extract_a95	National Administration of Traditional Chinese Medicine 2018 National TCM Statistical Extract	http://www.natcm.gov.cn/2020tjzb/%E5%85%A8%E5%9B%BD%E4%B8%AD%E5%8C%BB%E8%8D%AF%E7%BB%9F%E8%AE%A1%E6%91%98%E7%BC%96/atog/2018/A95.xlsx	2018	A95	2018年各地区万人口中医类医院床位数及万人口全国中医执业(助理)医师数	official_excel_numeric_extracted	official_natcm_excel_parsed	TCM hospital beds and TCM practicing/assistant physicians per population.	6880000	persons	natcm_2018_extract_a95	NATCM table reports province population in 10,000 persons; converted to persons.	4966	2771	7.22	4.03	16	15	beds	persons	Official NATCM Excel table; main core-density supply exposure.
安徽省	2018	natcm_2018_extract_a95	National Administration of Traditional Chinese Medicine 2018 National TCM Statistical Extract	http://www.natcm.gov.cn/2020tjzb/%E5%85%A8%E5%9B%BD%E4%B8%AD%E5%8C%BB%E8%8D%AF%E7%BB%9F%E8%AE%A1%E6%91%98%E7%BC%96/atog/2018/A95.xlsx	2018	A95	2018年各地区万人口中医类医院床位数及万人口全国中医执业(助理)医师数	official_excel_numeric_extracted	official_natcm_excel_parsed	TCM hospital beds and TCM practicing/assistant physicians per population.	63240000	persons	natcm_2018_extract_a95	NATCM table reports province population in 10,000 persons; converted to persons.	37568	15199	5.94	2.4	26	31	beds	persons	Official NATCM Excel table; main core-density supply exposure.
山东省	2018	natcm_2018_extract_a95	National Administration of Traditional Chinese Medicine 2018 National TCM Statistical Extract	http://www.natcm.gov.cn/2020tjzb/%E5%85%A8%E5%9B%BD%E4%B8%AD%E5%8C%BB%E8%8D%AF%E7%BB%9F%E8%AE%A1%E6%91%98%E7%BC%96/atog/2018/A95.xlsx	2018	A95	2018年各地区万人口中医类医院床位数及万人口全国中医执业(助理)医师数	official_excel_numeric_extracted	official_natcm_excel_parsed	TCM hospital beds and TCM practicing/assistant physicians per population.	100470000	persons	natcm_2018_extract_a95	NATCM table reports province population in 10,000 persons; converted to persons.	66994	42924	6.67	4.27	23	13	beds	persons	Official NATCM Excel table; main core-density supply exposure.
山西省	2018	natcm_2018_extract_a95	National Administration of Traditional Chinese Medicine 2018 National TCM Statistical Extract	http://www.natcm.gov.cn/2020tjzb/%E5%85%A8%E5%9B%BD%E4%B8%AD%E5%8C%BB%E8%8D%AF%E7%BB%9F%E8%AE%A1%E6%91%98%E7%BC%96/atog/2018/A95.xlsx	2018	A95	2018年各地区万人口中医类医院床位数及万人口全国中医执业(助理)医师数	official_excel_numeric_extracted	official_natcm_excel_parsed	TCM hospital beds and TCM practicing/assistant physicians per population.	37180000	persons	natcm_2018_extract_a95	NATCM table reports province population in 10,000 persons; converted to persons.	21044	16587	5.66	4.46	27	12	beds	persons	Official NATCM Excel table; main core-density supply exposure.
广东省	2018	natcm_2018_extract_a95	National Administration of Traditional Chinese Medicine 2018 National TCM Statistical Extract	http://www.natcm.gov.cn/2020tjzb/%E5%85%A8%E5%9B%BD%E4%B8%AD%E5%8C%BB%E8%8D%AF%E7%BB%9F%E8%AE%A1%E6%91%98%E7%BC%96/atog/2018/A95.xlsx	2018	A95	2018年各地区万人口中医类医院床位数及万人口全国中医执业(助理)医师数	official_excel_numeric_extracted	official_natcm_excel_parsed	TCM hospital beds and TCM practicing/assistant physicians per population.	113460000	persons	natcm_2018_extract_a95	NATCM table reports province population in 10,000 persons; converted to persons.	56377	43240	4.97	3.81	29	19	beds	persons	Official NATCM Excel table; main core-density supply exposure.
广西壮族自治区	2018	natcm_2018_extract_a95	National Administration of Traditional Chinese Medicine 2018 National TCM Statistical Extract	http://www.natcm.gov.cn/2020tjzb/%E5%85%A8%E5%9B%BD%E4%B8%AD%E5%8C%BB%E8%8D%AF%E7%BB%9F%E8%AE%A1%E6%91%98%E7%BC%96/atog/2018/A95.xlsx	2018	A95	2018年各地区万人口中医类医院床位数及万人口全国中医执业(助理)医师数	official_excel_numeric_extracted	official_natcm_excel_parsed	TCM hospital beds and TCM practicing/assistant physicians per population.	49260000	persons	natcm_2018_extract_a95	NATCM table reports province population in 10,000 persons; converted to persons.	33418	17042	6.78	3.46	20	24	beds	persons	Official NATCM Excel table; main core-density supply exposure.
新疆维吾尔自治区	2018	natcm_2018_extract_a95	National Administration of Traditional Chinese Medicine 2018 National TCM Statistical Extract	http://www.natcm.gov.cn/2020tjzb/%E5%85%A8%E5%9B%BD%E4%B8%AD%E5%8C%BB%E8%8D%AF%E7%BB%9F%E8%AE%A1%E6%91%98%E7%BC%96/atog/2018/A95.xlsx	2018	A95	2018年各地区万人口中医类医院床位数及万人口全国中医执业(助理)医师数	official_excel_numeric_extracted	official_natcm_excel_parsed	TCM hospital beds and TCM practicing/assistant physicians per population.	24870000	persons	natcm_2018_extract_a95	NATCM table reports province population in 10,000 persons; converted to persons.	20573	8858	8.27	3.56	10	23	beds	persons	Official NATCM Excel table; main core-density supply exposure.
江苏省	2018	natcm_2018_extract_a95	National Administration of Traditional Chinese Medicine 2018 National TCM Statistical Extract	http://www.natcm.gov.cn/2020tjzb/%E5%85%A8%E5%9B%BD%E4%B8%AD%E5%8C%BB%E8%8D%AF%E7%BB%9F%E8%AE%A1%E6%91%98%E7%BC%96/atog/2018/A95.xlsx	2018	A95	2018年各地区万人口中医类医院床位数及万人口全国中医执业(助理)医师数	official_excel_numeric_extracted	official_natcm_excel_parsed	TCM hospital beds and TCM practicing/assistant physicians per population.	80510000	persons	natcm_2018_extract_a95	NATCM table reports province population in 10,000 persons; converted to persons.	54907	29070	6.82	3.61	18	22	beds	persons	Official NATCM Excel table; main core-density supply exposure.
江西省	2018	natcm_2018_extract_a95	National Administration of Traditional Chinese Medicine 2018 National TCM Statistical Extract	http://www.natcm.gov.cn/2020tjzb/%E5%85%A8%E5%9B%BD%E4%B8%AD%E5%8C%BB%E8%8D%AF%E7%BB%9F%E8%AE%A1%E6%91%98%E7%BC%96/atog/2018/A95.xlsx	2018	A95	2018年各地区万人口中医类医院床位数及万人口全国中医执业(助理)医师数	official_excel_numeric_extracted	official_natcm_excel_parsed	TCM hospital beds and TCM practicing/assistant physicians per population.	46480000	persons	natcm_2018_extract_a95	NATCM table reports province population in 10,000 persons; converted to persons.	31389	13066	6.75	2.81	22	29	beds	persons	Official NATCM Excel table; main core-density supply exposure.
河北省	2018	natcm_2018_extract_a95	National Administration of Traditional Chinese Medicine 2018 National TCM Statistical Extract	http://www.natcm.gov.cn/2020tjzb/%E5%85%A8%E5%9B%BD%E4%B8%AD%E5%8C%BB%E8%8D%AF%E7%BB%9F%E8%AE%A1%E6%91%98%E7%BC%96/atog/2018/A95.xlsx	2018	A95	2018年各地区万人口中医类医院床位数及万人口全国中医执业(助理)医师数	official_excel_numeric_extracted	official_natcm_excel_parsed	TCM hospital beds and TCM practicing/assistant physicians per population.	75560000	persons	natcm_2018_extract_a95	NATCM table reports province population in 10,000 persons; converted to persons.	51351	34088	6.8	4.51	19	10	beds	persons	Official NATCM Excel table; main core-density supply exposure.
河南省	2018	natcm_2018_extract_a95	National Administration of Traditional Chinese Medicine 2018 National TCM Statistical Extract	http://www.natcm.gov.cn/2020tjzb/%E5%85%A8%E5%9B%BD%E4%B8%AD%E5%8C%BB%E8%8D%AF%E7%BB%9F%E8%AE%A1%E6%91%98%E7%BC%96/atog/2018/A95.xlsx	2018	A95	2018年各地区万人口中医类医院床位数及万人口全国中医执业(助理)医师数	official_excel_numeric_extracted	official_natcm_excel_parsed	TCM hospital beds and TCM practicing/assistant physicians per population.	96050000	persons	natcm_2018_extract_a95	NATCM table reports province population in 10,000 persons; converted to persons.	74080	37872	7.71	3.94	12	17	beds	persons	Official NATCM Excel table; main core-density supply exposure.
浙江省	2018	natcm_2018_extract_a95	National Administration of Traditional Chinese Medicine 2018 National TCM Statistical Extract	http://www.natcm.gov.cn/2020tjzb/%E5%85%A8%E5%9B%BD%E4%B8%AD%E5%8C%BB%E8%8D%AF%E7%BB%9F%E8%AE%A1%E6%91%98%E7%BC%96/atog/2018/A95.xlsx	2018	A95	2018年各地区万人口中医类医院床位数及万人口全国中医执业(助理)医师数	official_excel_numeric_extracted	official_natcm_excel_parsed	TCM hospital beds and TCM practicing/assistant physicians per population.	57370000	persons	natcm_2018_extract_a95	NATCM table reports province population in 10,000 persons; converted to persons.	47924	28858	8.35	5.03	9	9	beds	persons	Official NATCM Excel table; main core-density supply exposure.
海南省	2018	natcm_2018_extract_a95	National Administration of Traditional Chinese Medicine 2018 National TCM Statistical Extract	http://www.natcm.gov.cn/2020tjzb/%E5%85%A8%E5%9B%BD%E4%B8%AD%E5%8C%BB%E8%8D%AF%E7%BB%9F%E8%AE%A1%E6%91%98%E7%BC%96/atog/2018/A95.xlsx	2018	A95	2018年各地区万人口中医类医院床位数及万人口全国中医执业(助理)医师数	official_excel_numeric_extracted	official_natcm_excel_parsed	TCM hospital beds and TCM practicing/assistant physicians per population.	9340000	persons	natcm_2018_extract_a95	NATCM table reports province population in 10,000 persons; converted to persons.	4359	2334	4.67	2.5	30	30	beds	persons	Official NATCM Excel table; main core-density supply exposure.
湖北省	2018	natcm_2018_extract_a95	National Administration of Traditional Chinese Medicine 2018 National TCM Statistical Extract	http://www.natcm.gov.cn/2020tjzb/%E5%85%A8%E5%9B%BD%E4%B8%AD%E5%8C%BB%E8%8D%AF%E7%BB%9F%E8%AE%A1%E6%91%98%E7%BC%96/atog/2018/A95.xlsx	2018	A95	2018年各地区万人口中医类医院床位数及万人口全国中医执业(助理)医师数	official_excel_numeric_extracted	official_natcm_excel_parsed	TCM hospital beds and TCM practicing/assistant physicians per population.	59170000	persons	natcm_2018_extract_a95	NATCM table reports province population in 10,000 persons; converted to persons.	47696	18586	8.06	3.14	11	26	beds	persons	Official NATCM Excel table; main core-density supply exposure.
湖南省	2018	natcm_2018_extract_a95	National Administration of Traditional Chinese Medicine 2018 National TCM Statistical Extract	http://www.natcm.gov.cn/2020tjzb/%E5%85%A8%E5%9B%BD%E4%B8%AD%E5%8C%BB%E8%8D%AF%E7%BB%9F%E8%AE%A1%E6%91%98%E7%BC%96/atog/2018/A95.xlsx	2018	A95	2018年各地区万人口中医类医院床位数及万人口全国中医执业(助理)医师数	official_excel_numeric_extracted	official_natcm_excel_parsed	TCM hospital beds and TCM practicing/assistant physicians per population.	68990000	persons	natcm_2018_extract_a95	NATCM table reports province population in 10,000 persons; converted to persons.	60393	27299	8.75	3.96	7	16	beds	persons	Official NATCM Excel table; main core-density supply exposure.
甘肃省	2018	natcm_2018_extract_a95	National Administration of Traditional Chinese Medicine 2018 National TCM Statistical Extract	http://www.natcm.gov.cn/2020tjzb/%E5%85%A8%E5%9B%BD%E4%B8%AD%E5%8C%BB%E8%8D%AF%E7%BB%9F%E8%AE%A1%E6%91%98%E7%BC%96/atog/2018/A95.xlsx	2018	A95	2018年各地区万人口中医类医院床位数及万人口全国中医执业(助理)医师数	official_excel_numeric_extracted	official_natcm_excel_parsed	TCM hospital beds and TCM practicing/assistant physicians per population.	26370000	persons	natcm_2018_extract_a95	NATCM table reports province population in 10,000 persons; converted to persons.	28906	14267	10.96	5.41	3	6	beds	persons	Official NATCM Excel table; main core-density supply exposure.
福建省	2018	natcm_2018_extract_a95	National Administration of Traditional Chinese Medicine 2018 National TCM Statistical Extract	http://www.natcm.gov.cn/2020tjzb/%E5%85%A8%E5%9B%BD%E4%B8%AD%E5%8C%BB%E8%8D%AF%E7%BB%9F%E8%AE%A1%E6%91%98%E7%BC%96/atog/2018/A95.xlsx	2018	A95	2018年各地区万人口中医类医院床位数及万人口全国中医执业(助理)医师数	official_excel_numeric_extracted	official_natcm_excel_parsed	TCM hospital beds and TCM practicing/assistant physicians per population.	39410000	persons	natcm_2018_extract_a95	NATCM table reports province population in 10,000 persons; converted to persons.	22117	16100	5.61	4.09	28	14	beds	persons	Official NATCM Excel table; main core-density supply exposure.
西藏自治区	2018	natcm_2018_extract_a95	National Administration of Traditional Chinese Medicine 2018 National TCM Statistical Extract	http://www.natcm.gov.cn/2020tjzb/%E5%85%A8%E5%9B%BD%E4%B8%AD%E5%8C%BB%E8%8D%AF%E7%BB%9F%E8%AE%A1%E6%91%98%E7%BC%96/atog/2018/A95.xlsx	2018	A95	2018年各地区万人口中医类医院床位数及万人口全国中医执业(助理)医师数	official_excel_numeric_extracted	official_natcm_excel_parsed	TCM hospital beds and TCM practicing/assistant physicians per population.	3440000	persons	natcm_2018_extract_a95	NATCM table reports province population in 10,000 persons; converted to persons.	2327	2168	6.76	6.3	21	2	beds	persons	Official NATCM Excel table; main core-density supply exposure.
贵州省	2018	natcm_2018_extract_a95	National Administration of Traditional Chinese Medicine 2018 National TCM Statistical Extract	http://www.natcm.gov.cn/2020tjzb/%E5%85%A8%E5%9B%BD%E4%B8%AD%E5%8C%BB%E8%8D%AF%E7%BB%9F%E8%AE%A1%E6%91%98%E7%BC%96/atog/2018/A95.xlsx	2018	A95	2018年各地区万人口中医类医院床位数及万人口全国中医执业(助理)医师数	official_excel_numeric_extracted	official_natcm_excel_parsed	TCM hospital beds and TCM practicing/assistant physicians per population.	36000000	persons	natcm_2018_extract_a95	NATCM table reports province population in 10,000 persons; converted to persons.	25431	12086	7.06	3.36	17	25	beds	persons	Official NATCM Excel table; main core-density supply exposure.
辽宁省	2018	natcm_2018_extract_a95	National Administration of Traditional Chinese Medicine 2018 National TCM Statistical Extract	http://www.natcm.gov.cn/2020tjzb/%E5%85%A8%E5%9B%BD%E4%B8%AD%E5%8C%BB%E8%8D%AF%E7%BB%9F%E8%AE%A1%E6%91%98%E7%BC%96/atog/2018/A95.xlsx	2018	A95	2018年各地区万人口中医类医院床位数及万人口全国中医执业(助理)医师数	official_excel_numeric_extracted	official_natcm_excel_parsed	TCM hospital beds and TCM practicing/assistant physicians per population.	43590000	persons	natcm_2018_extract_a95	NATCM table reports province population in 10,000 persons; converted to persons.	32103	15998	7.36	3.67	14	21	beds	persons	Official NATCM Excel table; main core-density supply exposure.
重庆市	2018	natcm_2018_extract_a95	National Administration of Traditional Chinese Medicine 2018 National TCM Statistical Extract	http://www.natcm.gov.cn/2020tjzb/%E5%85%A8%E5%9B%BD%E4%B8%AD%E5%8C%BB%E8%8D%AF%E7%BB%9F%E8%AE%A1%E6%91%98%E7%BC%96/atog/2018/A95.xlsx	2018	A95	2018年各地区万人口中医类医院床位数及万人口全国中医执业(助理)医师数	official_excel_numeric_extracted	official_natcm_excel_parsed	TCM hospital beds and TCM practicing/assistant physicians per population.	31020000	persons	natcm_2018_extract_a95	NATCM table reports province population in 10,000 persons; converted to persons.	31880	16578	10.28	5.34	4	7	beds	persons	Official NATCM Excel table; main core-density supply exposure.
陕西省	2018	natcm_2018_extract_a95	National Administration of Traditional Chinese Medicine 2018 National TCM Statistical Extract	http://www.natcm.gov.cn/2020tjzb/%E5%85%A8%E5%9B%BD%E4%B8%AD%E5%8C%BB%E8%8D%AF%E7%BB%9F%E8%AE%A1%E6%91%98%E7%BC%96/atog/2018/A95.xlsx	2018	A95	2018年各地区万人口中医类医院床位数及万人口全国中医执业(助理)医师数	official_excel_numeric_extracted	official_natcm_excel_parsed	TCM hospital beds and TCM practicing/assistant physicians per population.	38640000	persons	natcm_2018_extract_a95	NATCM table reports province population in 10,000 persons; converted to persons.	33895	14872	8.77	3.85	6	18	beds	persons	Official NATCM Excel table; main core-density supply exposure.
青海省	2018	natcm_2018_extract_a95	National Administration of Traditional Chinese Medicine 2018 National TCM Statistical Extract	http://www.natcm.gov.cn/2020tjzb/%E5%85%A8%E5%9B%BD%E4%B8%AD%E5%8C%BB%E8%8D%AF%E7%BB%9F%E8%AE%A1%E6%91%98%E7%BC%96/atog/2018/A95.xlsx	2018	A95	2018年各地区万人口中医类医院床位数及万人口全国中医执业(助理)医师数	official_excel_numeric_extracted	official_natcm_excel_parsed	TCM hospital beds and TCM practicing/assistant physicians per population.	6030000	persons	natcm_2018_extract_a95	NATCM table reports province population in 10,000 persons; converted to persons.	6168	3077	10.23	5.1	5	8	beds	persons	Official NATCM Excel table; main core-density supply exposure.
黑龙江省	2018	natcm_2018_extract_a95	National Administration of Traditional Chinese Medicine 2018 National TCM Statistical Extract	http://www.natcm.gov.cn/2020tjzb/%E5%85%A8%E5%9B%BD%E4%B8%AD%E5%8C%BB%E8%8D%AF%E7%BB%9F%E8%AE%A1%E6%91%98%E7%BC%96/atog/2018/A95.xlsx	2018	A95	2018年各地区万人口中医类医院床位数及万人口全国中医执业(助理)医师数	official_excel_numeric_extracted	official_natcm_excel_parsed	TCM hospital beds and TCM practicing/assistant physicians per population.	37730000	persons	natcm_2018_extract_a95	NATCM table reports province population in 10,000 persons; converted to persons.	28486	11803	7.55	3.13	13	27	beds	persons	Official NATCM Excel table; main core-density supply exposure.
