province	year	gdp_per_capita_current_yuan	log_gdp_per_capita_current_yuan	urban_population_percent	age_composition_sample_population	age_composition_sample_age_65_plus	population_age_65_plus_percent	gdp_source_id	gdp_table_id	gdp_source_url	gdp_measure_notes	urbanization_source_id	urbanization_table_id	urbanization_source_url	urbanization_measure_notes	aging_source_id	aging_table_id	aging_source_url	aging_measure_notes	extraction_method	quality_flag
北京市	2011	81658	11.31029507277839	86.2	17246	1521	8.8194363910472	nbs_yearbook_2014_z0315e	3-15	https://www.stats.gov.cn/sj/ndsj/2014/zk/html/Z0315E.xls	Per capita gross regional product at current prices; models include wave fixed effects and use the log value.	nbs_yearbook_2014_z0206e	2-6	https://www.stats.gov.cn/sj/ndsj/2014/zk/html/Z0206E.xls	Proportion of year-end usual-resident population living in urban areas (%).	nbs_yearbook_2012_d0311e	3-11	https://www.stats.gov.cn/sj/ndsj/2012/html/D0311e.xls	Province age structure is estimated from the NBS annual population sample survey for the corresponding year; sampling fractions differ across waves, so this variable is reserved for sensitivity adjustment.	official_nbs_excel_parsed	official_excel_parsed
天津市	2011	85213	11.352909283337558	80.5	11577	1131	9.769370303187355	nbs_yearbook_2014_z0315e	3-15	https://www.stats.gov.cn/sj/ndsj/2014/zk/html/Z0315E.xls	Per capita gross regional product at current prices; models include wave fixed effects and use the log value.	nbs_yearbook_2014_z0206e	2-6	https://www.stats.gov.cn/sj/ndsj/2014/zk/html/Z0206E.xls	Proportion of year-end usual-resident population living in urban areas (%).	nbs_yearbook_2012_d0311e	3-11	https://www.stats.gov.cn/sj/ndsj/2012/html/D0311e.xls	Province age structure is estimated from the NBS annual population sample survey for the corresponding year; sampling fractions differ across waves, so this variable is reserved for sensitivity adjustment.	official_nbs_excel_parsed	official_excel_parsed
河北省	2011	33969	10.43320362298215	45.6	61861	5053	8.168312830377783	nbs_yearbook_2014_z0315e	3-15	https://www.stats.gov.cn/sj/ndsj/2014/zk/html/Z0315E.xls	Per capita gross regional product at current prices; models include wave fixed effects and use the log value.	nbs_yearbook_2014_z0206e	2-6	https://www.stats.gov.cn/sj/ndsj/2014/zk/html/Z0206E.xls	Proportion of year-end usual-resident population living in urban areas (%).	nbs_yearbook_2012_d0311e	3-11	https://www.stats.gov.cn/sj/ndsj/2012/html/D0311e.xls	Province age structure is estimated from the NBS annual population sample survey for the corresponding year; sampling fractions differ across waves, so this variable is reserved for sensitivity adjustment.	official_nbs_excel_parsed	official_excel_parsed
山西省	2011	31357	10.353192806623015	49.68	30698	2384	7.765978239624731	nbs_yearbook_2014_z0315e	3-15	https://www.stats.gov.cn/sj/ndsj/2014/zk/html/Z0315E.xls	Per capita gross regional product at current prices; models include wave fixed effects and use the log value.	nbs_yearbook_2014_z0206e	2-6	https://www.stats.gov.cn/sj/ndsj/2014/zk/html/Z0206E.xls	Proportion of year-end usual-resident population living in urban areas (%).	nbs_yearbook_2012_d0311e	3-11	https://www.stats.gov.cn/sj/ndsj/2012/html/D0311e.xls	Province age structure is estimated from the NBS annual population sample survey for the corresponding year; sampling fractions differ across waves, so this variable is reserved for sensitivity adjustment.	official_nbs_excel_parsed	official_excel_parsed
内蒙古自治区	2011	57974	10.967749913160826	56.62	21203	1461	6.8905343583455165	nbs_yearbook_2014_z0315e	3-15	https://www.stats.gov.cn/sj/ndsj/2014/zk/html/Z0315E.xls	Per capita gross regional product at current prices; models include wave fixed effects and use the log value.	nbs_yearbook_2014_z0206e	2-6	https://www.stats.gov.cn/sj/ndsj/2014/zk/html/Z0206E.xls	Proportion of year-end usual-resident population living in urban areas (%).	nbs_yearbook_2012_d0311e	3-11	https://www.stats.gov.cn/sj/ndsj/2012/html/D0311e.xls	Province age structure is estimated from the NBS annual population sample survey for the corresponding year; sampling fractions differ across waves, so this variable is reserved for sensitivity adjustment.	official_nbs_excel_parsed	official_excel_parsed
辽宁省	2011	50760	10.834863921828324	64.05	37447	4034	10.772558549416509	nbs_yearbook_2014_z0315e	3-15	https://www.stats.gov.cn/sj/ndsj/2014/zk/html/Z0315E.xls	Per capita gross regional product at current prices; models include wave fixed effects and use the log value.	nbs_yearbook_2014_z0206e	2-6	https://www.stats.gov.cn/sj/ndsj/2014/zk/html/Z0206E.xls	Proportion of year-end usual-resident population living in urban areas (%).	nbs_yearbook_2012_d0311e	3-11	https://www.stats.gov.cn/sj/ndsj/2012/html/D0311e.xls	Province age structure is estimated from the NBS annual population sample survey for the corresponding year; sampling fractions differ across waves, so this variable is reserved for sensitivity adjustment.	official_nbs_excel_parsed	official_excel_parsed
吉林省	2011	38460	10.55737401914277	53.4	23490	2044	8.701575138356747	nbs_yearbook_2014_z0315e	3-15	https://www.stats.gov.cn/sj/ndsj/2014/zk/html/Z0315E.xls	Per capita gross regional product at current prices; models include wave fixed effects and use the log value.	nbs_yearbook_2014_z0206e	2-6	https://www.stats.gov.cn/sj/ndsj/2014/zk/html/Z0206E.xls	Proportion of year-end usual-resident population living in urban areas (%).	nbs_yearbook_2012_d0311e	3-11	https://www.stats.gov.cn/sj/ndsj/2012/html/D0311e.xls	Province age structure is estimated from the NBS annual population sample survey for the corresponding year; sampling fractions differ across waves, so this variable is reserved for sensitivity adjustment.	official_nbs_excel_parsed	official_excel_parsed
黑龙江省	2011	32819	10.398762894953803	56.5	32757	2618	7.992184876514943	nbs_yearbook_2014_z0315e	3-15	https://www.stats.gov.cn/sj/ndsj/2014/zk/html/Z0315E.xls	Per capita gross regional product at current prices; models include wave fixed effects and use the log value.	nbs_yearbook_2014_z0206e	2-6	https://www.stats.gov.cn/sj/ndsj/2014/zk/html/Z0206E.xls	Proportion of year-end usual-resident population living in urban areas (%).	nbs_yearbook_2012_d0311e	3-11	https://www.stats.gov.cn/sj/ndsj/2012/html/D0311e.xls	Province age structure is estimated from the NBS annual population sample survey for the corresponding year; sampling fractions differ across waves, so this variable is reserved for sensitivity adjustment.	official_nbs_excel_parsed	official_excel_parsed
上海市	2011	82560	11.32128058071539	89.3	20056	1579	7.872955723972876	nbs_yearbook_2014_z0315e	3-15	https://www.stats.gov.cn/sj/ndsj/2014/zk/html/Z0315E.xls	Per capita gross regional product at current prices; models include wave fixed effects and use the log value.	nbs_yearbook_2014_z0206e	2-6	https://www.stats.gov.cn/sj/ndsj/2014/zk/html/Z0206E.xls	Proportion of year-end usual-resident population living in urban areas (%).	nbs_yearbook_2012_d0311e	3-11	https://www.stats.gov.cn/sj/ndsj/2012/html/D0311e.xls	Province age structure is estimated from the NBS annual population sample survey for the corresponding year; sampling fractions differ across waves, so this variable is reserved for sensitivity adjustment.	official_nbs_excel_parsed	official_excel_parsed
江苏省	2011	62290	11.03955617824819	61.9	67485	7300	10.81721864117952	nbs_yearbook_2014_z0315e	3-15	https://www.stats.gov.cn/sj/ndsj/2014/zk/html/Z0315E.xls	Per capita gross regional product at current prices; models include wave fixed effects and use the log value.	nbs_yearbook_2014_z0206e	2-6	https://www.stats.gov.cn/sj/ndsj/2014/zk/html/Z0206E.xls	Proportion of year-end usual-resident population living in urban areas (%).	nbs_yearbook_2012_d0311e	3-11	https://www.stats.gov.cn/sj/ndsj/2012/html/D0311e.xls	Province age structure is estimated from the NBS annual population sample survey for the corresponding year; sampling fractions differ across waves, so this variable is reserved for sensitivity adjustment.	official_nbs_excel_parsed	official_excel_parsed
浙江省	2011	59249	10.989504181217818	62.3	46674	3999	8.567939323820543	nbs_yearbook_2014_z0315e	3-15	https://www.stats.gov.cn/sj/ndsj/2014/zk/html/Z0315E.xls	Per capita gross regional product at current prices; models include wave fixed effects and use the log value.	nbs_yearbook_2014_z0206e	2-6	https://www.stats.gov.cn/sj/ndsj/2014/zk/html/Z0206E.xls	Proportion of year-end usual-resident population living in urban areas (%).	nbs_yearbook_2012_d0311e	3-11	https://www.stats.gov.cn/sj/ndsj/2012/html/D0311e.xls	Province age structure is estimated from the NBS annual population sample survey for the corresponding year; sampling fractions differ across waves, so this variable is reserved for sensitivity adjustment.	official_nbs_excel_parsed	official_excel_parsed
安徽省	2011	25659	10.152649666248891	44.8	50989	5342	10.47676949930377	nbs_yearbook_2014_z0315e	3-15	https://www.stats.gov.cn/sj/ndsj/2014/zk/html/Z0315E.xls	Per capita gross regional product at current prices; models include wave fixed effects and use the log value.	nbs_yearbook_2014_z0206e	2-6	https://www.stats.gov.cn/sj/ndsj/2014/zk/html/Z0206E.xls	Proportion of year-end usual-resident population living in urban areas (%).	nbs_yearbook_2012_d0311e	3-11	https://www.stats.gov.cn/sj/ndsj/2012/html/D0311e.xls	Province age structure is estimated from the NBS annual population sample survey for the corresponding year; sampling fractions differ across waves, so this variable is reserved for sensitivity adjustment.	official_nbs_excel_parsed	official_excel_parsed
福建省	2011	47377	10.76589215785248	58.1	31783	2438	7.670767391372745	nbs_yearbook_2014_z0315e	3-15	https://www.stats.gov.cn/sj/ndsj/2014/zk/html/Z0315E.xls	Per capita gross regional product at current prices; models include wave fixed effects and use the log value.	nbs_yearbook_2014_z0206e	2-6	https://www.stats.gov.cn/sj/ndsj/2014/zk/html/Z0206E.xls	Proportion of year-end usual-resident population living in urban areas (%).	nbs_yearbook_2012_d0311e	3-11	https://www.stats.gov.cn/sj/ndsj/2012/html/D0311e.xls	Province age structure is estimated from the NBS annual population sample survey for the corresponding year; sampling fractions differ across waves, so this variable is reserved for sensitivity adjustment.	official_nbs_excel_parsed	official_excel_parsed
江西省	2011	26150	10.171604469493069	45.7	38348	2923	7.6223010326483776	nbs_yearbook_2014_z0315e	3-15	https://www.stats.gov.cn/sj/ndsj/2014/zk/html/Z0315E.xls	Per capita gross regional product at current prices; models include wave fixed effects and use the log value.	nbs_yearbook_2014_z0206e	2-6	https://www.stats.gov.cn/sj/ndsj/2014/zk/html/Z0206E.xls	Proportion of year-end usual-resident population living in urban areas (%).	nbs_yearbook_2012_d0311e	3-11	https://www.stats.gov.cn/sj/ndsj/2012/html/D0311e.xls	Province age structure is estimated from the NBS annual population sample survey for the corresponding year; sampling fractions differ across waves, so this variable is reserved for sensitivity adjustment.	official_nbs_excel_parsed	official_excel_parsed
山东省	2011	47335	10.765005258562992	50.95	82336	8854	10.753497862417412	nbs_yearbook_2014_z0315e	3-15	https://www.stats.gov.cn/sj/ndsj/2014/zk/html/Z0315E.xls	Per capita gross regional product at current prices; models include wave fixed effects and use the log value.	nbs_yearbook_2014_z0206e	2-6	https://www.stats.gov.cn/sj/ndsj/2014/zk/html/Z0206E.xls	Proportion of year-end usual-resident population living in urban areas (%).	nbs_yearbook_2012_d0311e	3-11	https://www.stats.gov.cn/sj/ndsj/2012/html/D0311e.xls	Province age structure is estimated from the NBS annual population sample survey for the corresponding year; sampling fractions differ across waves, so this variable is reserved for sensitivity adjustment.	official_nbs_excel_parsed	official_excel_parsed
河南省	2011	28661	10.263292592608767	40.57	80208	7057	8.798374227009774	nbs_yearbook_2014_z0315e	3-15	https://www.stats.gov.cn/sj/ndsj/2014/zk/html/Z0315E.xls	Per capita gross regional product at current prices; models include wave fixed effects and use the log value.	nbs_yearbook_2014_z0206e	2-6	https://www.stats.gov.cn/sj/ndsj/2014/zk/html/Z0206E.xls	Proportion of year-end usual-resident population living in urban areas (%).	nbs_yearbook_2012_d0311e	3-11	https://www.stats.gov.cn/sj/ndsj/2012/html/D0311e.xls	Province age structure is estimated from the NBS annual population sample survey for the corresponding year; sampling fractions differ across waves, so this variable is reserved for sensitivity adjustment.	official_nbs_excel_parsed	official_excel_parsed
湖北省	2011	34197	10.439893199904889	51.83	49190	4974	10.111811343769059	nbs_yearbook_2014_z0315e	3-15	https://www.stats.gov.cn/sj/ndsj/2014/zk/html/Z0315E.xls	Per capita gross regional product at current prices; models include wave fixed effects and use the log value.	nbs_yearbook_2014_z0206e	2-6	https://www.stats.gov.cn/sj/ndsj/2014/zk/html/Z0206E.xls	Proportion of year-end usual-resident population living in urban areas (%).	nbs_yearbook_2012_d0311e	3-11	https://www.stats.gov.cn/sj/ndsj/2012/html/D0311e.xls	Province age structure is estimated from the NBS annual population sample survey for the corresponding year; sampling fractions differ across waves, so this variable is reserved for sensitivity adjustment.	official_nbs_excel_parsed	official_excel_parsed
湖南省	2011	29880	10.304944639246754	45.1	56351	5906	10.480736810349416	nbs_yearbook_2014_z0315e	3-15	https://www.stats.gov.cn/sj/ndsj/2014/zk/html/Z0315E.xls	Per capita gross regional product at current prices; models include wave fixed effects and use the log value.	nbs_yearbook_2014_z0206e	2-6	https://www.stats.gov.cn/sj/ndsj/2014/zk/html/Z0206E.xls	Proportion of year-end usual-resident population living in urban areas (%).	nbs_yearbook_2012_d0311e	3-11	https://www.stats.gov.cn/sj/ndsj/2012/html/D0311e.xls	Province age structure is estimated from the NBS annual population sample survey for the corresponding year; sampling fractions differ across waves, so this variable is reserved for sensitivity adjustment.	official_nbs_excel_parsed	official_excel_parsed
广东省	2011	50807	10.835789419349267	66.5	89750	5884	6.555988857938718	nbs_yearbook_2014_z0315e	3-15	https://www.stats.gov.cn/sj/ndsj/2014/zk/html/Z0315E.xls	Per capita gross regional product at current prices; models include wave fixed effects and use the log value.	nbs_yearbook_2014_z0206e	2-6	https://www.stats.gov.cn/sj/ndsj/2014/zk/html/Z0206E.xls	Proportion of year-end usual-resident population living in urban areas (%).	nbs_yearbook_2012_d0311e	3-11	https://www.stats.gov.cn/sj/ndsj/2012/html/D0311e.xls	Province age structure is estimated from the NBS annual population sample survey for the corresponding year; sampling fractions differ across waves, so this variable is reserved for sensitivity adjustment.	official_nbs_excel_parsed	official_excel_parsed
广西壮族自治区	2011	25326	10.139586815010555	41.8	39686	3786	9.539888121755782	nbs_yearbook_2014_z0315e	3-15	https://www.stats.gov.cn/sj/ndsj/2014/zk/html/Z0315E.xls	Per capita gross regional product at current prices; models include wave fixed effects and use the log value.	nbs_yearbook_2014_z0206e	2-6	https://www.stats.gov.cn/sj/ndsj/2014/zk/html/Z0206E.xls	Proportion of year-end usual-resident population living in urban areas (%).	nbs_yearbook_2012_d0311e	3-11	https://www.stats.gov.cn/sj/ndsj/2012/html/D0311e.xls	Province age structure is estimated from the NBS annual population sample survey for the corresponding year; sampling fractions differ across waves, so this variable is reserved for sensitivity adjustment.	official_nbs_excel_parsed	official_excel_parsed
海南省	2011	28898	10.271527667553556	50.5	7496	516	6.883671291355389	nbs_yearbook_2014_z0315e	3-15	https://www.stats.gov.cn/sj/ndsj/2014/zk/html/Z0315E.xls	Per capita gross regional product at current prices; models include wave fixed effects and use the log value.	nbs_yearbook_2014_z0206e	2-6	https://www.stats.gov.cn/sj/ndsj/2014/zk/html/Z0206E.xls	Proportion of year-end usual-resident population living in urban areas (%).	nbs_yearbook_2012_d0311e	3-11	https://www.stats.gov.cn/sj/ndsj/2012/html/D0311e.xls	Province age structure is estimated from the NBS annual population sample survey for the corresponding year; sampling fractions differ across waves, so this variable is reserved for sensitivity adjustment.	official_nbs_excel_parsed	official_excel_parsed
重庆市	2011	34500	10.448714603019452	55.02	24939	3097	12.418300653594772	nbs_yearbook_2014_z0315e	3-15	https://www.stats.gov.cn/sj/ndsj/2014/zk/html/Z0315E.xls	Per capita gross regional product at current prices; models include wave fixed effects and use the log value.	nbs_yearbook_2014_z0206e	2-6	https://www.stats.gov.cn/sj/ndsj/2014/zk/html/Z0206E.xls	Proportion of year-end usual-resident population living in urban areas (%).	nbs_yearbook_2012_d0311e	3-11	https://www.stats.gov.cn/sj/ndsj/2012/html/D0311e.xls	Province age structure is estimated from the NBS annual population sample survey for the corresponding year; sampling fractions differ across waves, so this variable is reserved for sensitivity adjustment.	official_nbs_excel_parsed	official_excel_parsed
四川省	2011	26133	10.170954162487002	41.83	68777	8277	12.034546432673714	nbs_yearbook_2014_z0315e	3-15	https://www.stats.gov.cn/sj/ndsj/2014/zk/html/Z0315E.xls	Per capita gross regional product at current prices; models include wave fixed effects and use the log value.	nbs_yearbook_2014_z0206e	2-6	https://www.stats.gov.cn/sj/ndsj/2014/zk/html/Z0206E.xls	Proportion of year-end usual-resident population living in urban areas (%).	nbs_yearbook_2012_d0311e	3-11	https://www.stats.gov.cn/sj/ndsj/2012/html/D0311e.xls	Province age structure is estimated from the NBS annual population sample survey for the corresponding year; sampling fractions differ across waves, so this variable is reserved for sensitivity adjustment.	official_nbs_excel_parsed	official_excel_parsed
贵州省	2011	16413	9.705828982731935	34.96	29636	2698	9.103792684572817	nbs_yearbook_2014_z0315e	3-15	https://www.stats.gov.cn/sj/ndsj/2014/zk/html/Z0315E.xls	Per capita gross regional product at current prices; models include wave fixed effects and use the log value.	nbs_yearbook_2014_z0206e	2-6	https://www.stats.gov.cn/sj/ndsj/2014/zk/html/Z0206E.xls	Proportion of year-end usual-resident population living in urban areas (%).	nbs_yearbook_2012_d0311e	3-11	https://www.stats.gov.cn/sj/ndsj/2012/html/D0311e.xls	Province age structure is estimated from the NBS annual population sample survey for the corresponding year; sampling fractions differ across waves, so this variable is reserved for sensitivity adjustment.	official_nbs_excel_parsed	official_excel_parsed
云南省	2011	19265	9.866045257060257	36.8	39564	3041	7.686280456981094	nbs_yearbook_2014_z0315e	3-15	https://www.stats.gov.cn/sj/ndsj/2014/zk/html/Z0315E.xls	Per capita gross regional product at current prices; models include wave fixed effects and use the log value.	nbs_yearbook_2014_z0206e	2-6	https://www.stats.gov.cn/sj/ndsj/2014/zk/html/Z0206E.xls	Proportion of year-end usual-resident population living in urban areas (%).	nbs_yearbook_2012_d0311e	3-11	https://www.stats.gov.cn/sj/ndsj/2012/html/D0311e.xls	Province age structure is estimated from the NBS annual population sample survey for the corresponding year; sampling fractions differ across waves, so this variable is reserved for sensitivity adjustment.	official_nbs_excel_parsed	official_excel_parsed
西藏自治区	2011	20077	9.90733016025358	22.71	2591	125	4.824392126592049	nbs_yearbook_2014_z0315e	3-15	https://www.stats.gov.cn/sj/ndsj/2014/zk/html/Z0315E.xls	Per capita gross regional product at current prices; models include wave fixed effects and use the log value.	nbs_yearbook_2014_z0206e	2-6	https://www.stats.gov.cn/sj/ndsj/2014/zk/html/Z0206E.xls	Proportion of year-end usual-resident population living in urban areas (%).	nbs_yearbook_2012_d0311e	3-11	https://www.stats.gov.cn/sj/ndsj/2012/html/D0311e.xls	Province age structure is estimated from the NBS annual population sample survey for the corresponding year; sampling fractions differ across waves, so this variable is reserved for sensitivity adjustment.	official_nbs_excel_parsed	official_excel_parsed
陕西省	2011	33464	10.418225513122035	47.3	31976	2715	8.490743057292969	nbs_yearbook_2014_z0315e	3-15	https://www.stats.gov.cn/sj/ndsj/2014/zk/html/Z0315E.xls	Per capita gross regional product at current prices; models include wave fixed effects and use the log value.	nbs_yearbook_2014_z0206e	2-6	https://www.stats.gov.cn/sj/ndsj/2014/zk/html/Z0206E.xls	Proportion of year-end usual-resident population living in urban areas (%).	nbs_yearbook_2012_d0311e	3-11	https://www.stats.gov.cn/sj/ndsj/2012/html/D0311e.xls	Province age structure is estimated from the NBS annual population sample survey for the corresponding year; sampling fractions differ across waves, so this variable is reserved for sensitivity adjustment.	official_nbs_excel_parsed	official_excel_parsed
甘肃省	2011	19595	9.883029710633732	37.15	21908	1951	8.905422676647799	nbs_yearbook_2014_z0315e	3-15	https://www.stats.gov.cn/sj/ndsj/2014/zk/html/Z0315E.xls	Per capita gross regional product at current prices; models include wave fixed effects and use the log value.	nbs_yearbook_2014_z0206e	2-6	https://www.stats.gov.cn/sj/ndsj/2014/zk/html/Z0206E.xls	Proportion of year-end usual-resident population living in urban areas (%).	nbs_yearbook_2012_d0311e	3-11	https://www.stats.gov.cn/sj/ndsj/2012/html/D0311e.xls	Province age structure is estimated from the NBS annual population sample survey for the corresponding year; sampling fractions differ across waves, so this variable is reserved for sensitivity adjustment.	official_nbs_excel_parsed	official_excel_parsed
青海省	2011	29522	10.292891027096942	46.22	4854	288	5.933250927070458	nbs_yearbook_2014_z0315e	3-15	https://www.stats.gov.cn/sj/ndsj/2014/zk/html/Z0315E.xls	Per capita gross regional product at current prices; models include wave fixed effects and use the log value.	nbs_yearbook_2014_z0206e	2-6	https://www.stats.gov.cn/sj/ndsj/2014/zk/html/Z0206E.xls	Proportion of year-end usual-resident population living in urban areas (%).	nbs_yearbook_2012_d0311e	3-11	https://www.stats.gov.cn/sj/ndsj/2012/html/D0311e.xls	Province age structure is estimated from the NBS annual population sample survey for the corresponding year; sampling fractions differ across waves, so this variable is reserved for sensitivity adjustment.	official_nbs_excel_parsed	official_excel_parsed
宁夏回族自治区	2011	33043	10.405565022544408	49.82	5463	299	5.47318323265605	nbs_yearbook_2014_z0315e	3-15	https://www.stats.gov.cn/sj/ndsj/2014/zk/html/Z0315E.xls	Per capita gross regional product at current prices; models include wave fixed effects and use the log value.	nbs_yearbook_2014_z0206e	2-6	https://www.stats.gov.cn/sj/ndsj/2014/zk/html/Z0206E.xls	Proportion of year-end usual-resident population living in urban areas (%).	nbs_yearbook_2012_d0311e	3-11	https://www.stats.gov.cn/sj/ndsj/2012/html/D0311e.xls	Province age structure is estimated from the NBS annual population sample survey for the corresponding year; sampling fractions differ across waves, so this variable is reserved for sensitivity adjustment.	official_nbs_excel_parsed	official_excel_parsed
新疆维吾尔自治区	2011	30087	10.311848463756318	43.54	18871	1247	6.6080228922685595	nbs_yearbook_2014_z0315e	3-15	https://www.stats.gov.cn/sj/ndsj/2014/zk/html/Z0315E.xls	Per capita gross regional product at current prices; models include wave fixed effects and use the log value.	nbs_yearbook_2014_z0206e	2-6	https://www.stats.gov.cn/sj/ndsj/2014/zk/html/Z0206E.xls	Proportion of year-end usual-resident population living in urban areas (%).	nbs_yearbook_2012_d0311e	3-11	https://www.stats.gov.cn/sj/ndsj/2012/html/D0311e.xls	Province age structure is estimated from the NBS annual population sample survey for the corresponding year; sampling fractions differ across waves, so this variable is reserved for sensitivity adjustment.	official_nbs_excel_parsed	official_excel_parsed
北京市	2013	93213	11.442642475925098	86.3	17454	1498	8.582559871662657	nbs_yearbook_2014_z0315e	3-15	https://www.stats.gov.cn/sj/ndsj/2014/zk/html/Z0315E.xls	Per capita gross regional product at current prices; models include wave fixed effects and use the log value.	nbs_yearbook_2014_z0206e	2-6	https://www.stats.gov.cn/sj/ndsj/2014/zk/html/Z0206E.xls	Proportion of year-end usual-resident population living in urban areas (%).	nbs_yearbook_2014_z0211e	2-11	https://www.stats.gov.cn/sj/ndsj/2014/zk/html/Z0211E.xls	Province age structure is estimated from the NBS annual population sample survey for the corresponding year; sampling fractions differ across waves, so this variable is reserved for sensitivity adjustment.	official_nbs_excel_parsed	official_excel_parsed
天津市	2013	99607	11.508987722227586	82.01	12150	1392	11.456790123456791	nbs_yearbook_2014_z0315e	3-15	https://www.stats.gov.cn/sj/ndsj/2014/zk/html/Z0315E.xls	Per capita gross regional product at current prices; models include wave fixed effects and use the log value.	nbs_yearbook_2014_z0206e	2-6	https://www.stats.gov.cn/sj/ndsj/2014/zk/html/Z0206E.xls	Proportion of year-end usual-resident population living in urban areas (%).	nbs_yearbook_2014_z0211e	2-11	https://www.stats.gov.cn/sj/ndsj/2014/zk/html/Z0211E.xls	Province age structure is estimated from the NBS annual population sample survey for the corresponding year; sampling fractions differ across waves, so this variable is reserved for sensitivity adjustment.	official_nbs_excel_parsed	official_excel_parsed
河北省	2013	38716	10.564008230268978	48.12	60517	5547	9.166019465604707	nbs_yearbook_2014_z0315e	3-15	https://www.stats.gov.cn/sj/ndsj/2014/zk/html/Z0315E.xls	Per capita gross regional product at current prices; models include wave fixed effects and use the log value.	nbs_yearbook_2014_z0206e	2-6	https://www.stats.gov.cn/sj/ndsj/2014/zk/html/Z0206E.xls	Proportion of year-end usual-resident population living in urban areas (%).	nbs_yearbook_2014_z0211e	2-11	https://www.stats.gov.cn/sj/ndsj/2014/zk/html/Z0211E.xls	Province age structure is estimated from the NBS annual population sample survey for the corresponding year; sampling fractions differ across waves, so this variable is reserved for sensitivity adjustment.	official_nbs_excel_parsed	official_excel_parsed
山西省	2013	34813	10.45774615922359	52.56	29957	2388	7.971425710184597	nbs_yearbook_2014_z0315e	3-15	https://www.stats.gov.cn/sj/ndsj/2014/zk/html/Z0315E.xls	Per capita gross regional product at current prices; models include wave fixed effects and use the log value.	nbs_yearbook_2014_z0206e	2-6	https://www.stats.gov.cn/sj/ndsj/2014/zk/html/Z0206E.xls	Proportion of year-end usual-resident population living in urban areas (%).	nbs_yearbook_2014_z0211e	2-11	https://www.stats.gov.cn/sj/ndsj/2014/zk/html/Z0211E.xls	Province age structure is estimated from the NBS annual population sample survey for the corresponding year; sampling fractions differ across waves, so this variable is reserved for sensitivity adjustment.	official_nbs_excel_parsed	official_excel_parsed
内蒙古自治区	2013	67498	11.119853246792026	58.71	20613	1762	8.548003686993646	nbs_yearbook_2014_z0315e	3-15	https://www.stats.gov.cn/sj/ndsj/2014/zk/html/Z0315E.xls	Per capita gross regional product at current prices; models include wave fixed effects and use the log value.	nbs_yearbook_2014_z0206e	2-6	https://www.stats.gov.cn/sj/ndsj/2014/zk/html/Z0206E.xls	Proportion of year-end usual-resident population living in urban areas (%).	nbs_yearbook_2014_z0211e	2-11	https://www.stats.gov.cn/sj/ndsj/2014/zk/html/Z0211E.xls	Province age structure is estimated from the NBS annual population sample survey for the corresponding year; sampling fractions differ across waves, so this variable is reserved for sensitivity adjustment.	official_nbs_excel_parsed	official_excel_parsed
辽宁省	2013	61685.9	11.029810658656078	66.45	36231	3701	10.215009246225607	nbs_yearbook_2014_z0315e	3-15	https://www.stats.gov.cn/sj/ndsj/2014/zk/html/Z0315E.xls	Per capita gross regional product at current prices; models include wave fixed effects and use the log value.	nbs_yearbook_2014_z0206e	2-6	https://www.stats.gov.cn/sj/ndsj/2014/zk/html/Z0206E.xls	Proportion of year-end usual-resident population living in urban areas (%).	nbs_yearbook_2014_z0211e	2-11	https://www.stats.gov.cn/sj/ndsj/2014/zk/html/Z0211E.xls	Province age structure is estimated from the NBS annual population sample survey for the corresponding year; sampling fractions differ across waves, so this variable is reserved for sensitivity adjustment.	official_nbs_excel_parsed	official_excel_parsed
吉林省	2013	47191	10.76195847542619	54.2	22707	2193	9.657814770775532	nbs_yearbook_2014_z0315e	3-15	https://www.stats.gov.cn/sj/ndsj/2014/zk/html/Z0315E.xls	Per capita gross regional product at current prices; models include wave fixed effects and use the log value.	nbs_yearbook_2014_z0206e	2-6	https://www.stats.gov.cn/sj/ndsj/2014/zk/html/Z0206E.xls	Proportion of year-end usual-resident population living in urban areas (%).	nbs_yearbook_2014_z0211e	2-11	https://www.stats.gov.cn/sj/ndsj/2014/zk/html/Z0211E.xls	Province age structure is estimated from the NBS annual population sample survey for the corresponding year; sampling fractions differ across waves, so this variable is reserved for sensitivity adjustment.	official_nbs_excel_parsed	official_excel_parsed
黑龙江省	2013	37509.27	10.532343381409616	57.4	31651	2830	8.941265678809517	nbs_yearbook_2014_z0315e	3-15	https://www.stats.gov.cn/sj/ndsj/2014/zk/html/Z0315E.xls	Per capita gross regional product at current prices; models include wave fixed effects and use the log value.	nbs_yearbook_2014_z0206e	2-6	https://www.stats.gov.cn/sj/ndsj/2014/zk/html/Z0206E.xls	Proportion of year-end usual-resident population living in urban areas (%).	nbs_yearbook_2014_z0211e	2-11	https://www.stats.gov.cn/sj/ndsj/2014/zk/html/Z0211E.xls	Province age structure is estimated from the NBS annual population sample survey for the corresponding year; sampling fractions differ across waves, so this variable is reserved for sensitivity adjustment.	official_nbs_excel_parsed	official_excel_parsed
上海市	2013	90092	11.408586649421268	89.6	19932	2121	10.64118001204094	nbs_yearbook_2014_z0315e	3-15	https://www.stats.gov.cn/sj/ndsj/2014/zk/html/Z0315E.xls	Per capita gross regional product at current prices; models include wave fixed effects and use the log value.	nbs_yearbook_2014_z0206e	2-6	https://www.stats.gov.cn/sj/ndsj/2014/zk/html/Z0206E.xls	Proportion of year-end usual-resident population living in urban areas (%).	nbs_yearbook_2014_z0211e	2-11	https://www.stats.gov.cn/sj/ndsj/2014/zk/html/Z0211E.xls	Province age structure is estimated from the NBS annual population sample survey for the corresponding year; sampling fractions differ across waves, so this variable is reserved for sensitivity adjustment.	official_nbs_excel_parsed	official_excel_parsed
江苏省	2013	74607	11.219989615569899	64.11	65526	8030	12.254677532582486	nbs_yearbook_2014_z0315e	3-15	https://www.stats.gov.cn/sj/ndsj/2014/zk/html/Z0315E.xls	Per capita gross regional product at current prices; models include wave fixed effects and use the log value.	nbs_yearbook_2014_z0206e	2-6	https://www.stats.gov.cn/sj/ndsj/2014/zk/html/Z0206E.xls	Proportion of year-end usual-resident population living in urban areas (%).	nbs_yearbook_2014_z0211e	2-11	https://www.stats.gov.cn/sj/ndsj/2014/zk/html/Z0211E.xls	Province age structure is estimated from the NBS annual population sample survey for the corresponding year; sampling fractions differ across waves, so this variable is reserved for sensitivity adjustment.	official_nbs_excel_parsed	official_excel_parsed
浙江省	2013	68462	11.134034125797095	64	45376	4174	9.198695345557123	nbs_yearbook_2014_z0315e	3-15	https://www.stats.gov.cn/sj/ndsj/2014/zk/html/Z0315E.xls	Per capita gross regional product at current prices; models include wave fixed effects and use the log value.	nbs_yearbook_2014_z0206e	2-6	https://www.stats.gov.cn/sj/ndsj/2014/zk/html/Z0206E.xls	Proportion of year-end usual-resident population living in urban areas (%).	nbs_yearbook_2014_z0211e	2-11	https://www.stats.gov.cn/sj/ndsj/2014/zk/html/Z0211E.xls	Province age structure is estimated from the NBS annual population sample survey for the corresponding year; sampling fractions differ across waves, so this variable is reserved for sensitivity adjustment.	official_nbs_excel_parsed	official_excel_parsed
安徽省	2013	31684	10.36356710058417	47.86	49765	5241	10.531498040791721	nbs_yearbook_2014_z0315e	3-15	https://www.stats.gov.cn/sj/ndsj/2014/zk/html/Z0315E.xls	Per capita gross regional product at current prices; models include wave fixed effects and use the log value.	nbs_yearbook_2014_z0206e	2-6	https://www.stats.gov.cn/sj/ndsj/2014/zk/html/Z0206E.xls	Proportion of year-end usual-resident population living in urban areas (%).	nbs_yearbook_2014_z0211e	2-11	https://www.stats.gov.cn/sj/ndsj/2014/zk/html/Z0211E.xls	Province age structure is estimated from the NBS annual population sample survey for the corresponding year; sampling fractions differ across waves, so this variable is reserved for sensitivity adjustment.	official_nbs_excel_parsed	official_excel_parsed
福建省	2013	57856	10.965712443751848	60.77	31148	2543	8.16424810581739	nbs_yearbook_2014_z0315e	3-15	https://www.stats.gov.cn/sj/ndsj/2014/zk/html/Z0315E.xls	Per capita gross regional product at current prices; models include wave fixed effects and use the log value.	nbs_yearbook_2014_z0206e	2-6	https://www.stats.gov.cn/sj/ndsj/2014/zk/html/Z0206E.xls	Proportion of year-end usual-resident population living in urban areas (%).	nbs_yearbook_2014_z0211e	2-11	https://www.stats.gov.cn/sj/ndsj/2014/zk/html/Z0211E.xls	Province age structure is estimated from the NBS annual population sample survey for the corresponding year; sampling fractions differ across waves, so this variable is reserved for sensitivity adjustment.	official_nbs_excel_parsed	official_excel_parsed
江西省	2013	31771	10.366309203003638	48.87	37321	3360	9.002974196832882	nbs_yearbook_2014_z0315e	3-15	https://www.stats.gov.cn/sj/ndsj/2014/zk/html/Z0315E.xls	Per capita gross regional product at current prices; models include wave fixed effects and use the log value.	nbs_yearbook_2014_z0206e	2-6	https://www.stats.gov.cn/sj/ndsj/2014/zk/html/Z0206E.xls	Proportion of year-end usual-resident population living in urban areas (%).	nbs_yearbook_2014_z0211e	2-11	https://www.stats.gov.cn/sj/ndsj/2014/zk/html/Z0211E.xls	Province age structure is estimated from the NBS annual population sample survey for the corresponding year; sampling fractions differ across waves, so this variable is reserved for sensitivity adjustment.	official_nbs_excel_parsed	official_excel_parsed
山东省	2013	56322.5850307906	10.938850888762806	53.75	80331	8822	10.98206171963501	nbs_yearbook_2014_z0315e	3-15	https://www.stats.gov.cn/sj/ndsj/2014/zk/html/Z0315E.xls	Per capita gross regional product at current prices; models include wave fixed effects and use the log value.	nbs_yearbook_2014_z0206e	2-6	https://www.stats.gov.cn/sj/ndsj/2014/zk/html/Z0206E.xls	Proportion of year-end usual-resident population living in urban areas (%).	nbs_yearbook_2014_z0211e	2-11	https://www.stats.gov.cn/sj/ndsj/2014/zk/html/Z0211E.xls	Province age structure is estimated from the NBS annual population sample survey for the corresponding year; sampling fractions differ across waves, so this variable is reserved for sensitivity adjustment.	official_nbs_excel_parsed	official_excel_parsed
河南省	2013	34174	10.43922040000822	43.8	77688	6935	8.926732571310884	nbs_yearbook_2014_z0315e	3-15	https://www.stats.gov.cn/sj/ndsj/2014/zk/html/Z0315E.xls	Per capita gross regional product at current prices; models include wave fixed effects and use the log value.	nbs_yearbook_2014_z0206e	2-6	https://www.stats.gov.cn/sj/ndsj/2014/zk/html/Z0206E.xls	Proportion of year-end usual-resident population living in urban areas (%).	nbs_yearbook_2014_z0211e	2-11	https://www.stats.gov.cn/sj/ndsj/2014/zk/html/Z0211E.xls	Province age structure is estimated from the NBS annual population sample survey for the corresponding year; sampling fractions differ across waves, so this variable is reserved for sensitivity adjustment.	official_nbs_excel_parsed	official_excel_parsed
湖北省	2013	42612.7	10.659907609893637	54.51	47860	4741	9.905975762641036	nbs_yearbook_2014_z0315e	3-15	https://www.stats.gov.cn/sj/ndsj/2014/zk/html/Z0315E.xls	Per capita gross regional product at current prices; models include wave fixed effects and use the log value.	nbs_yearbook_2014_z0206e	2-6	https://www.stats.gov.cn/sj/ndsj/2014/zk/html/Z0206E.xls	Proportion of year-end usual-resident population living in urban areas (%).	nbs_yearbook_2014_z0211e	2-11	https://www.stats.gov.cn/sj/ndsj/2014/zk/html/Z0211E.xls	Province age structure is estimated from the NBS annual population sample survey for the corresponding year; sampling fractions differ across waves, so this variable is reserved for sensitivity adjustment.	official_nbs_excel_parsed	official_excel_parsed
湖南省	2013	36763	10.51224718358581	47.96	55219	5837	10.570636918451983	nbs_yearbook_2014_z0315e	3-15	https://www.stats.gov.cn/sj/ndsj/2014/zk/html/Z0315E.xls	Per capita gross regional product at current prices; models include wave fixed effects and use the log value.	nbs_yearbook_2014_z0206e	2-6	https://www.stats.gov.cn/sj/ndsj/2014/zk/html/Z0206E.xls	Proportion of year-end usual-resident population living in urban areas (%).	nbs_yearbook_2014_z0211e	2-11	https://www.stats.gov.cn/sj/ndsj/2014/zk/html/Z0211E.xls	Province age structure is estimated from the NBS annual population sample survey for the corresponding year; sampling fractions differ across waves, so this variable is reserved for sensitivity adjustment.	official_nbs_excel_parsed	official_excel_parsed
广东省	2013	58540	10.977465560245877	67.76	87847	6364	7.244413582706296	nbs_yearbook_2014_z0315e	3-15	https://www.stats.gov.cn/sj/ndsj/2014/zk/html/Z0315E.xls	Per capita gross regional product at current prices; models include wave fixed effects and use the log value.	nbs_yearbook_2014_z0206e	2-6	https://www.stats.gov.cn/sj/ndsj/2014/zk/html/Z0206E.xls	Proportion of year-end usual-resident population living in urban areas (%).	nbs_yearbook_2014_z0211e	2-11	https://www.stats.gov.cn/sj/ndsj/2014/zk/html/Z0211E.xls	Province age structure is estimated from the NBS annual population sample survey for the corresponding year; sampling fractions differ across waves, so this variable is reserved for sensitivity adjustment.	official_nbs_excel_parsed	official_excel_parsed
广西壮族自治区	2013	30588	10.328363054164116	44.81	38947	3620	9.294682517267056	nbs_yearbook_2014_z0315e	3-15	https://www.stats.gov.cn/sj/ndsj/2014/zk/html/Z0315E.xls	Per capita gross regional product at current prices; models include wave fixed effects and use the log value.	nbs_yearbook_2014_z0206e	2-6	https://www.stats.gov.cn/sj/ndsj/2014/zk/html/Z0206E.xls	Proportion of year-end usual-resident population living in urban areas (%).	nbs_yearbook_2014_z0211e	2-11	https://www.stats.gov.cn/sj/ndsj/2014/zk/html/Z0211E.xls	Province age structure is estimated from the NBS annual population sample survey for the corresponding year; sampling fractions differ across waves, so this variable is reserved for sensitivity adjustment.	official_nbs_excel_parsed	official_excel_parsed
海南省	2013	35317	10.47211971339814	52.74	7389	602	8.1472459060766	nbs_yearbook_2014_z0315e	3-15	https://www.stats.gov.cn/sj/ndsj/2014/zk/html/Z0315E.xls	Per capita gross regional product at current prices; models include wave fixed effects and use the log value.	nbs_yearbook_2014_z0206e	2-6	https://www.stats.gov.cn/sj/ndsj/2014/zk/html/Z0206E.xls	Proportion of year-end usual-resident population living in urban areas (%).	nbs_yearbook_2014_z0211e	2-11	https://www.stats.gov.cn/sj/ndsj/2014/zk/html/Z0211E.xls	Province age structure is estimated from the NBS annual population sample survey for the corresponding year; sampling fractions differ across waves, so this variable is reserved for sensitivity adjustment.	official_nbs_excel_parsed	official_excel_parsed
重庆市	2013	42795	10.66417655231571	58.34	24512	3247	13.246573107049608	nbs_yearbook_2014_z0315e	3-15	https://www.stats.gov.cn/sj/ndsj/2014/zk/html/Z0315E.xls	Per capita gross regional product at current prices; models include wave fixed effects and use the log value.	nbs_yearbook_2014_z0206e	2-6	https://www.stats.gov.cn/sj/ndsj/2014/zk/html/Z0206E.xls	Proportion of year-end usual-resident population living in urban areas (%).	nbs_yearbook_2014_z0211e	2-11	https://www.stats.gov.cn/sj/ndsj/2014/zk/html/Z0211E.xls	Province age structure is estimated from the NBS annual population sample survey for the corresponding year; sampling fractions differ across waves, so this variable is reserved for sensitivity adjustment.	official_nbs_excel_parsed	official_excel_parsed
四川省	2013	32454	10.387578981099482	44.9	66904	8536	12.758579457132607	nbs_yearbook_2014_z0315e	3-15	https://www.stats.gov.cn/sj/ndsj/2014/zk/html/Z0315E.xls	Per capita gross regional product at current prices; models include wave fixed effects and use the log value.	nbs_yearbook_2014_z0206e	2-6	https://www.stats.gov.cn/sj/ndsj/2014/zk/html/Z0206E.xls	Proportion of year-end usual-resident population living in urban areas (%).	nbs_yearbook_2014_z0211e	2-11	https://www.stats.gov.cn/sj/ndsj/2014/zk/html/Z0211E.xls	Province age structure is estimated from the NBS annual population sample survey for the corresponding year; sampling fractions differ across waves, so this variable is reserved for sensitivity adjustment.	official_nbs_excel_parsed	official_excel_parsed
贵州省	2013	22921.67	10.039838030303505	37.83	28905	2682	9.278671510119356	nbs_yearbook_2014_z0315e	3-15	https://www.stats.gov.cn/sj/ndsj/2014/zk/html/Z0315E.xls	Per capita gross regional product at current prices; models include wave fixed effects and use the log value.	nbs_yearbook_2014_z0206e	2-6	https://www.stats.gov.cn/sj/ndsj/2014/zk/html/Z0206E.xls	Proportion of year-end usual-resident population living in urban areas (%).	nbs_yearbook_2014_z0211e	2-11	https://www.stats.gov.cn/sj/ndsj/2014/zk/html/Z0211E.xls	Province age structure is estimated from the NBS annual population sample survey for the corresponding year; sampling fractions differ across waves, so this variable is reserved for sensitivity adjustment.	official_nbs_excel_parsed	official_excel_parsed
云南省	2013	25083	10.129945604818168	40.48	38680	3099	8.011892450879007	nbs_yearbook_2014_z0315e	3-15	https://www.stats.gov.cn/sj/ndsj/2014/zk/html/Z0315E.xls	Per capita gross regional product at current prices; models include wave fixed effects and use the log value.	nbs_yearbook_2014_z0206e	2-6	https://www.stats.gov.cn/sj/ndsj/2014/zk/html/Z0206E.xls	Proportion of year-end usual-resident population living in urban areas (%).	nbs_yearbook_2014_z0211e	2-11	https://www.stats.gov.cn/sj/ndsj/2014/zk/html/Z0211E.xls	Province age structure is estimated from the NBS annual population sample survey for the corresponding year; sampling fractions differ across waves, so this variable is reserved for sensitivity adjustment.	official_nbs_excel_parsed	official_excel_parsed
西藏自治区	2013	26068	10.168463787452271	23.71	2575	133	5.165048543689321	nbs_yearbook_2014_z0315e	3-15	https://www.stats.gov.cn/sj/ndsj/2014/zk/html/Z0315E.xls	Per capita gross regional product at current prices; models include wave fixed effects and use the log value.	nbs_yearbook_2014_z0206e	2-6	https://www.stats.gov.cn/sj/ndsj/2014/zk/html/Z0206E.xls	Proportion of year-end usual-resident population living in urban areas (%).	nbs_yearbook_2014_z0211e	2-11	https://www.stats.gov.cn/sj/ndsj/2014/zk/html/Z0211E.xls	Province age structure is estimated from the NBS annual population sample survey for the corresponding year; sampling fractions differ across waves, so this variable is reserved for sensitivity adjustment.	official_nbs_excel_parsed	official_excel_parsed
陕西省	2013	42692	10.661766828033855	51.310674703881645	31063	3053	9.828413224736824	nbs_yearbook_2014_z0315e	3-15	https://www.stats.gov.cn/sj/ndsj/2014/zk/html/Z0315E.xls	Per capita gross regional product at current prices; models include wave fixed effects and use the log value.	nbs_yearbook_2014_z0206e	2-6	https://www.stats.gov.cn/sj/ndsj/2014/zk/html/Z0206E.xls	Proportion of year-end usual-resident population living in urban areas (%).	nbs_yearbook_2014_z0211e	2-11	https://www.stats.gov.cn/sj/ndsj/2014/zk/html/Z0211E.xls	Province age structure is estimated from the NBS annual population sample survey for the corresponding year; sampling fractions differ across waves, so this variable is reserved for sensitivity adjustment.	official_nbs_excel_parsed	official_excel_parsed
甘肃省	2013	24296	10.098067006725584	40.13	21311	1895	8.892121439632115	nbs_yearbook_2014_z0315e	3-15	https://www.stats.gov.cn/sj/ndsj/2014/zk/html/Z0315E.xls	Per capita gross regional product at current prices; models include wave fixed effects and use the log value.	nbs_yearbook_2014_z0206e	2-6	https://www.stats.gov.cn/sj/ndsj/2014/zk/html/Z0206E.xls	Proportion of year-end usual-resident population living in urban areas (%).	nbs_yearbook_2014_z0211e	2-11	https://www.stats.gov.cn/sj/ndsj/2014/zk/html/Z0211E.xls	Province age structure is estimated from the NBS annual population sample survey for the corresponding year; sampling fractions differ across waves, so this variable is reserved for sensitivity adjustment.	official_nbs_excel_parsed	official_excel_parsed
青海省	2013	36510	10.505341474649683	48.51	4769	341	7.15034598448312	nbs_yearbook_2014_z0315e	3-15	https://www.stats.gov.cn/sj/ndsj/2014/zk/html/Z0315E.xls	Per capita gross regional product at current prices; models include wave fixed effects and use the log value.	nbs_yearbook_2014_z0206e	2-6	https://www.stats.gov.cn/sj/ndsj/2014/zk/html/Z0206E.xls	Proportion of year-end usual-resident population living in urban areas (%).	nbs_yearbook_2014_z0211e	2-11	https://www.stats.gov.cn/sj/ndsj/2014/zk/html/Z0211E.xls	Province age structure is estimated from the NBS annual population sample survey for the corresponding year; sampling fractions differ across waves, so this variable is reserved for sensitivity adjustment.	official_nbs_excel_parsed	official_excel_parsed
宁夏回族自治区	2013	39420	10.58202858070671	52.01	5399	382	7.075384330431561	nbs_yearbook_2014_z0315e	3-15	https://www.stats.gov.cn/sj/ndsj/2014/zk/html/Z0315E.xls	Per capita gross regional product at current prices; models include wave fixed effects and use the log value.	nbs_yearbook_2014_z0206e	2-6	https://www.stats.gov.cn/sj/ndsj/2014/zk/html/Z0206E.xls	Proportion of year-end usual-resident population living in urban areas (%).	nbs_yearbook_2014_z0211e	2-11	https://www.stats.gov.cn/sj/ndsj/2014/zk/html/Z0211E.xls	Province age structure is estimated from the NBS annual population sample survey for the corresponding year; sampling fractions differ across waves, so this variable is reserved for sensitivity adjustment.	official_nbs_excel_parsed	official_excel_parsed
新疆维吾尔自治区	2013	37181	10.523553157094481	44.47	18688	1190	6.367722602739725	nbs_yearbook_2014_z0315e	3-15	https://www.stats.gov.cn/sj/ndsj/2014/zk/html/Z0315E.xls	Per capita gross regional product at current prices; models include wave fixed effects and use the log value.	nbs_yearbook_2014_z0206e	2-6	https://www.stats.gov.cn/sj/ndsj/2014/zk/html/Z0206E.xls	Proportion of year-end usual-resident population living in urban areas (%).	nbs_yearbook_2014_z0211e	2-11	https://www.stats.gov.cn/sj/ndsj/2014/zk/html/Z0211E.xls	Province age structure is estimated from the NBS annual population sample survey for the corresponding year; sampling fractions differ across waves, so this variable is reserved for sensitivity adjustment.	official_nbs_excel_parsed	official_excel_parsed
北京市	2015	106497	11.575872094720777	86.5	335775	35775	10.654456109001563	nbs_yearbook_2016_0310en	3-10	https://www.stats.gov.cn/sj/ndsj/2016/html/0310EN.jpg	Per capita gross regional product at current prices; models include wave fixed effects and use the log value.	nbs_yearbook_2016_0207en	2-7	https://www.stats.gov.cn/sj/ndsj/2016/html/0207EN.jpg	Proportion of year-end usual-resident population living in urban areas (%).	nbs_yearbook_2016_0212en	2-12	https://www.stats.gov.cn/sj/ndsj/2016/html/0212EN.jpg	Province age structure is estimated from the NBS annual population sample survey for the corresponding year; sampling fractions differ across waves, so this variable is reserved for sensitivity adjustment.	manual_double_checked_official_table_image	official_image_transcribed_twice
天津市	2015	107960	11.58951606713194	82.64	239370	24641	10.294105359903078	nbs_yearbook_2016_0310en	3-10	https://www.stats.gov.cn/sj/ndsj/2016/html/0310EN.jpg	Per capita gross regional product at current prices; models include wave fixed effects and use the log value.	nbs_yearbook_2016_0207en	2-7	https://www.stats.gov.cn/sj/ndsj/2016/html/0207EN.jpg	Proportion of year-end usual-resident population living in urban areas (%).	nbs_yearbook_2016_0212en	2-12	https://www.stats.gov.cn/sj/ndsj/2016/html/0212EN.jpg	Province age structure is estimated from the NBS annual population sample survey for the corresponding year; sampling fractions differ across waves, so this variable is reserved for sensitivity adjustment.	manual_double_checked_official_table_image	official_image_transcribed_twice
河北省	2015	40255	10.60298949873408	51.33	1155542	117567	10.174186658728113	nbs_yearbook_2016_0310en	3-10	https://www.stats.gov.cn/sj/ndsj/2016/html/0310EN.jpg	Per capita gross regional product at current prices; models include wave fixed effects and use the log value.	nbs_yearbook_2016_0207en	2-7	https://www.stats.gov.cn/sj/ndsj/2016/html/0207EN.jpg	Proportion of year-end usual-resident population living in urban areas (%).	nbs_yearbook_2016_0212en	2-12	https://www.stats.gov.cn/sj/ndsj/2016/html/0212EN.jpg	Province age structure is estimated from the NBS annual population sample survey for the corresponding year; sampling fractions differ across waves, so this variable is reserved for sensitivity adjustment.	manual_double_checked_official_table_image	official_image_transcribed_twice
山西省	2015	34919	10.460786372659188	55.03	569491	52324	9.187853714984081	nbs_yearbook_2016_0310en	3-10	https://www.stats.gov.cn/sj/ndsj/2016/html/0310EN.jpg	Per capita gross regional product at current prices; models include wave fixed effects and use the log value.	nbs_yearbook_2016_0207en	2-7	https://www.stats.gov.cn/sj/ndsj/2016/html/0207EN.jpg	Proportion of year-end usual-resident population living in urban areas (%).	nbs_yearbook_2016_0212en	2-12	https://www.stats.gov.cn/sj/ndsj/2016/html/0212EN.jpg	Province age structure is estimated from the NBS annual population sample survey for the corresponding year; sampling fractions differ across waves, so this variable is reserved for sensitivity adjustment.	manual_double_checked_official_table_image	official_image_transcribed_twice
内蒙古自治区	2015	71101	11.171856680390034	60.3	390222	37288	9.555586307281496	nbs_yearbook_2016_0310en	3-10	https://www.stats.gov.cn/sj/ndsj/2016/html/0310EN.jpg	Per capita gross regional product at current prices; models include wave fixed effects and use the log value.	nbs_yearbook_2016_0207en	2-7	https://www.stats.gov.cn/sj/ndsj/2016/html/0207EN.jpg	Proportion of year-end usual-resident population living in urban areas (%).	nbs_yearbook_2016_0212en	2-12	https://www.stats.gov.cn/sj/ndsj/2016/html/0212EN.jpg	Province age structure is estimated from the NBS annual population sample survey for the corresponding year; sampling fractions differ across waves, so this variable is reserved for sensitivity adjustment.	manual_double_checked_official_table_image	official_image_transcribed_twice
辽宁省	2015	65354	11.087573926054468	67.35	680859	87595	12.86536566308149	nbs_yearbook_2016_0310en	3-10	https://www.stats.gov.cn/sj/ndsj/2016/html/0310EN.jpg	Per capita gross regional product at current prices; models include wave fixed effects and use the log value.	nbs_yearbook_2016_0207en	2-7	https://www.stats.gov.cn/sj/ndsj/2016/html/0207EN.jpg	Proportion of year-end usual-resident population living in urban areas (%).	nbs_yearbook_2016_0212en	2-12	https://www.stats.gov.cn/sj/ndsj/2016/html/0212EN.jpg	Province age structure is estimated from the NBS annual population sample survey for the corresponding year; sampling fractions differ across waves, so this variable is reserved for sensitivity adjustment.	manual_double_checked_official_table_image	official_image_transcribed_twice
吉林省	2015	51086	10.841265766051706	55.31	428511	46769	10.914305583753976	nbs_yearbook_2016_0310en	3-10	https://www.stats.gov.cn/sj/ndsj/2016/html/0310EN.jpg	Per capita gross regional product at current prices; models include wave fixed effects and use the log value.	nbs_yearbook_2016_0207en	2-7	https://www.stats.gov.cn/sj/ndsj/2016/html/0207EN.jpg	Proportion of year-end usual-resident population living in urban areas (%).	nbs_yearbook_2016_0212en	2-12	https://www.stats.gov.cn/sj/ndsj/2016/html/0212EN.jpg	Province age structure is estimated from the NBS annual population sample survey for the corresponding year; sampling fractions differ across waves, so this variable is reserved for sensitivity adjustment.	manual_double_checked_official_table_image	official_image_transcribed_twice
黑龙江省	2015	39462	10.583093462529407	58.8	592705	64239	10.83827536464177	nbs_yearbook_2016_0310en	3-10	https://www.stats.gov.cn/sj/ndsj/2016/html/0310EN.jpg	Per capita gross regional product at current prices; models include wave fixed effects and use the log value.	nbs_yearbook_2016_0207en	2-7	https://www.stats.gov.cn/sj/ndsj/2016/html/0207EN.jpg	Proportion of year-end usual-resident population living in urban areas (%).	nbs_yearbook_2016_0212en	2-12	https://www.stats.gov.cn/sj/ndsj/2016/html/0212EN.jpg	Province age structure is estimated from the NBS annual population sample survey for the corresponding year; sampling fractions differ across waves, so this variable is reserved for sensitivity adjustment.	manual_double_checked_official_table_image	official_image_transcribed_twice
上海市	2015	103796	11.550182713325936	87.6	373956	47936	12.818620372450235	nbs_yearbook_2016_0310en	3-10	https://www.stats.gov.cn/sj/ndsj/2016/html/0310EN.jpg	Per capita gross regional product at current prices; models include wave fixed effects and use the log value.	nbs_yearbook_2016_0207en	2-7	https://www.stats.gov.cn/sj/ndsj/2016/html/0207EN.jpg	Proportion of year-end usual-resident population living in urban areas (%).	nbs_yearbook_2016_0212en	2-12	https://www.stats.gov.cn/sj/ndsj/2016/html/0212EN.jpg	Province age structure is estimated from the NBS annual population sample survey for the corresponding year; sampling fractions differ across waves, so this variable is reserved for sensitivity adjustment.	manual_double_checked_official_table_image	official_image_transcribed_twice
江苏省	2015	87995	11.385035273664311	66.52	1238192	157135	12.69068125137297	nbs_yearbook_2016_0310en	3-10	https://www.stats.gov.cn/sj/ndsj/2016/html/0310EN.jpg	Per capita gross regional product at current prices; models include wave fixed effects and use the log value.	nbs_yearbook_2016_0207en	2-7	https://www.stats.gov.cn/sj/ndsj/2016/html/0207EN.jpg	Proportion of year-end usual-resident population living in urban areas (%).	nbs_yearbook_2016_0212en	2-12	https://www.stats.gov.cn/sj/ndsj/2016/html/0212EN.jpg	Province age structure is estimated from the NBS annual population sample survey for the corresponding year; sampling fractions differ across waves, so this variable is reserved for sensitivity adjustment.	manual_double_checked_official_table_image	official_image_transcribed_twice
浙江省	2015	77644	11.259889555790982	65.8	859773	96855	11.265182786619258	nbs_yearbook_2016_0310en	3-10	https://www.stats.gov.cn/sj/ndsj/2016/html/0310EN.jpg	Per capita gross regional product at current prices; models include wave fixed effects and use the log value.	nbs_yearbook_2016_0207en	2-7	https://www.stats.gov.cn/sj/ndsj/2016/html/0207EN.jpg	Proportion of year-end usual-resident population living in urban areas (%).	nbs_yearbook_2016_0212en	2-12	https://www.stats.gov.cn/sj/ndsj/2016/html/0212EN.jpg	Province age structure is estimated from the NBS annual population sample survey for the corresponding year; sampling fractions differ across waves, so this variable is reserved for sensitivity adjustment.	manual_double_checked_official_table_image	official_image_transcribed_twice
安徽省	2015	35997	10.491190880632498	50.5	955845	106895	11.18329854735862	nbs_yearbook_2016_0310en	3-10	https://www.stats.gov.cn/sj/ndsj/2016/html/0310EN.jpg	Per capita gross regional product at current prices; models include wave fixed effects and use the log value.	nbs_yearbook_2016_0207en	2-7	https://www.stats.gov.cn/sj/ndsj/2016/html/0207EN.jpg	Proportion of year-end usual-resident population living in urban areas (%).	nbs_yearbook_2016_0212en	2-12	https://www.stats.gov.cn/sj/ndsj/2016/html/0212EN.jpg	Province age structure is estimated from the NBS annual population sample survey for the corresponding year; sampling fractions differ across waves, so this variable is reserved for sensitivity adjustment.	manual_double_checked_official_table_image	official_image_transcribed_twice
福建省	2015	67966	11.126762859116562	62.6	596224	53694	9.005675719192787	nbs_yearbook_2016_0310en	3-10	https://www.stats.gov.cn/sj/ndsj/2016/html/0310EN.jpg	Per capita gross regional product at current prices; models include wave fixed effects and use the log value.	nbs_yearbook_2016_0207en	2-7	https://www.stats.gov.cn/sj/ndsj/2016/html/0207EN.jpg	Proportion of year-end usual-resident population living in urban areas (%).	nbs_yearbook_2016_0212en	2-12	https://www.stats.gov.cn/sj/ndsj/2016/html/0212EN.jpg	Province age structure is estimated from the NBS annual population sample survey for the corresponding year; sampling fractions differ across waves, so this variable is reserved for sensitivity adjustment.	manual_double_checked_official_table_image	official_image_transcribed_twice
江西省	2015	36724	10.511185771263591	51.62	710552	64388	9.061687251601573	nbs_yearbook_2016_0310en	3-10	https://www.stats.gov.cn/sj/ndsj/2016/html/0310EN.jpg	Per capita gross regional product at current prices; models include wave fixed effects and use the log value.	nbs_yearbook_2016_0207en	2-7	https://www.stats.gov.cn/sj/ndsj/2016/html/0207EN.jpg	Proportion of year-end usual-resident population living in urban areas (%).	nbs_yearbook_2016_0212en	2-12	https://www.stats.gov.cn/sj/ndsj/2016/html/0212EN.jpg	Province age structure is estimated from the NBS annual population sample survey for the corresponding year; sampling fractions differ across waves, so this variable is reserved for sensitivity adjustment.	manual_double_checked_official_table_image	official_image_transcribed_twice
山东省	2015	64168	11.06925992304676	57.01	1530763	178471	11.65895700379484	nbs_yearbook_2016_0310en	3-10	https://www.stats.gov.cn/sj/ndsj/2016/html/0310EN.jpg	Per capita gross regional product at current prices; models include wave fixed effects and use the log value.	nbs_yearbook_2016_0207en	2-7	https://www.stats.gov.cn/sj/ndsj/2016/html/0207EN.jpg	Proportion of year-end usual-resident population living in urban areas (%).	nbs_yearbook_2016_0212en	2-12	https://www.stats.gov.cn/sj/ndsj/2016/html/0212EN.jpg	Province age structure is estimated from the NBS annual population sample survey for the corresponding year; sampling fractions differ across waves, so this variable is reserved for sensitivity adjustment.	manual_double_checked_official_table_image	official_image_transcribed_twice
河南省	2015	39123	10.574465808325012	46.85	1476154	145415	9.850936961861704	nbs_yearbook_2016_0310en	3-10	https://www.stats.gov.cn/sj/ndsj/2016/html/0310EN.jpg	Per capita gross regional product at current prices; models include wave fixed effects and use the log value.	nbs_yearbook_2016_0207en	2-7	https://www.stats.gov.cn/sj/ndsj/2016/html/0207EN.jpg	Proportion of year-end usual-resident population living in urban areas (%).	nbs_yearbook_2016_0212en	2-12	https://www.stats.gov.cn/sj/ndsj/2016/html/0212EN.jpg	Province age structure is estimated from the NBS annual population sample survey for the corresponding year; sampling fractions differ across waves, so this variable is reserved for sensitivity adjustment.	manual_double_checked_official_table_image	official_image_transcribed_twice
湖北省	2015	50654	10.832773479905095	56.85	909271	102146	11.233834577370223	nbs_yearbook_2016_0310en	3-10	https://www.stats.gov.cn/sj/ndsj/2016/html/0310EN.jpg	Per capita gross regional product at current prices; models include wave fixed effects and use the log value.	nbs_yearbook_2016_0207en	2-7	https://www.stats.gov.cn/sj/ndsj/2016/html/0207EN.jpg	Proportion of year-end usual-resident population living in urban areas (%).	nbs_yearbook_2016_0212en	2-12	https://www.stats.gov.cn/sj/ndsj/2016/html/0212EN.jpg	Province age structure is estimated from the NBS annual population sample survey for the corresponding year; sampling fractions differ across waves, so this variable is reserved for sensitivity adjustment.	manual_double_checked_official_table_image	official_image_transcribed_twice
湖南省	2015	42754	10.663218037239226	50.89	1056139	118534	11.22333329230338	nbs_yearbook_2016_0310en	3-10	https://www.stats.gov.cn/sj/ndsj/2016/html/0310EN.jpg	Per capita gross regional product at current prices; models include wave fixed effects and use the log value.	nbs_yearbook_2016_0207en	2-7	https://www.stats.gov.cn/sj/ndsj/2016/html/0207EN.jpg	Proportion of year-end usual-resident population living in urban areas (%).	nbs_yearbook_2016_0212en	2-12	https://www.stats.gov.cn/sj/ndsj/2016/html/0212EN.jpg	Province age structure is estimated from the NBS annual population sample survey for the corresponding year; sampling fractions differ across waves, so this variable is reserved for sensitivity adjustment.	manual_double_checked_official_table_image	official_image_transcribed_twice
广东省	2015	67503	11.11992732031744	68.71	1681666	123964	7.371499453518118	nbs_yearbook_2016_0310en	3-10	https://www.stats.gov.cn/sj/ndsj/2016/html/0310EN.jpg	Per capita gross regional product at current prices; models include wave fixed effects and use the log value.	nbs_yearbook_2016_0207en	2-7	https://www.stats.gov.cn/sj/ndsj/2016/html/0207EN.jpg	Proportion of year-end usual-resident population living in urban areas (%).	nbs_yearbook_2016_0212en	2-12	https://www.stats.gov.cn/sj/ndsj/2016/html/0212EN.jpg	Province age structure is estimated from the NBS annual population sample survey for the corresponding year; sampling fractions differ across waves, so this variable is reserved for sensitivity adjustment.	manual_double_checked_official_table_image	official_image_transcribed_twice
广西壮族自治区	2015	35190	10.46851723031563	47.06	747093	72940	9.76317540118834	nbs_yearbook_2016_0310en	3-10	https://www.stats.gov.cn/sj/ndsj/2016/html/0310EN.jpg	Per capita gross regional product at current prices; models include wave fixed effects and use the log value.	nbs_yearbook_2016_0207en	2-7	https://www.stats.gov.cn/sj/ndsj/2016/html/0207EN.jpg	Proportion of year-end usual-resident population living in urban areas (%).	nbs_yearbook_2016_0212en	2-12	https://www.stats.gov.cn/sj/ndsj/2016/html/0212EN.jpg	Province age structure is estimated from the NBS annual population sample survey for the corresponding year; sampling fractions differ across waves, so this variable is reserved for sensitivity adjustment.	manual_double_checked_official_table_image	official_image_transcribed_twice
海南省	2015	40818	10.616878439573116	55.12	141596	11954	8.442328879346874	nbs_yearbook_2016_0310en	3-10	https://www.stats.gov.cn/sj/ndsj/2016/html/0310EN.jpg	Per capita gross regional product at current prices; models include wave fixed effects and use the log value.	nbs_yearbook_2016_0207en	2-7	https://www.stats.gov.cn/sj/ndsj/2016/html/0207EN.jpg	Proportion of year-end usual-resident population living in urban areas (%).	nbs_yearbook_2016_0212en	2-12	https://www.stats.gov.cn/sj/ndsj/2016/html/0212EN.jpg	Province age structure is estimated from the NBS annual population sample survey for the corresponding year; sampling fractions differ across waves, so this variable is reserved for sensitivity adjustment.	manual_double_checked_official_table_image	official_image_transcribed_twice
重庆市	2015	52321	10.865153099098274	60.94	468563	62282	13.292129340131423	nbs_yearbook_2016_0310en	3-10	https://www.stats.gov.cn/sj/ndsj/2016/html/0310EN.jpg	Per capita gross regional product at current prices; models include wave fixed effects and use the log value.	nbs_yearbook_2016_0207en	2-7	https://www.stats.gov.cn/sj/ndsj/2016/html/0207EN.jpg	Proportion of year-end usual-resident population living in urban areas (%).	nbs_yearbook_2016_0212en	2-12	https://www.stats.gov.cn/sj/ndsj/2016/html/0212EN.jpg	Province age structure is estimated from the NBS annual population sample survey for the corresponding year; sampling fractions differ across waves, so this variable is reserved for sensitivity adjustment.	manual_double_checked_official_table_image	official_image_transcribed_twice
四川省	2015	36775	10.512573545469639	47.69	1277289	165273	12.939358281485239	nbs_yearbook_2016_0310en	3-10	https://www.stats.gov.cn/sj/ndsj/2016/html/0310EN.jpg	Per capita gross regional product at current prices; models include wave fixed effects and use the log value.	nbs_yearbook_2016_0207en	2-7	https://www.stats.gov.cn/sj/ndsj/2016/html/0207EN.jpg	Proportion of year-end usual-resident population living in urban areas (%).	nbs_yearbook_2016_0212en	2-12	https://www.stats.gov.cn/sj/ndsj/2016/html/0212EN.jpg	Province age structure is estimated from the NBS annual population sample survey for the corresponding year; sampling fractions differ across waves, so this variable is reserved for sensitivity adjustment.	manual_double_checked_official_table_image	official_image_transcribed_twice
贵州省	2015	29847	10.30383961125747	42.01	550172	52149	9.478672124353839	nbs_yearbook_2016_0310en	3-10	https://www.stats.gov.cn/sj/ndsj/2016/html/0310EN.jpg	Per capita gross regional product at current prices; models include wave fixed effects and use the log value.	nbs_yearbook_2016_0207en	2-7	https://www.stats.gov.cn/sj/ndsj/2016/html/0207EN.jpg	Proportion of year-end usual-resident population living in urban areas (%).	nbs_yearbook_2016_0212en	2-12	https://www.stats.gov.cn/sj/ndsj/2016/html/0212EN.jpg	Province age structure is estimated from the NBS annual population sample survey for the corresponding year; sampling fractions differ across waves, so this variable is reserved for sensitivity adjustment.	manual_double_checked_official_table_image	official_image_transcribed_twice
云南省	2015	28806	10.268338977758996	43.33	738612	62088	8.406037269906257	nbs_yearbook_2016_0310en	3-10	https://www.stats.gov.cn/sj/ndsj/2016/html/0310EN.jpg	Per capita gross regional product at current prices; models include wave fixed effects and use the log value.	nbs_yearbook_2016_0207en	2-7	https://www.stats.gov.cn/sj/ndsj/2016/html/0207EN.jpg	Proportion of year-end usual-resident population living in urban areas (%).	nbs_yearbook_2016_0212en	2-12	https://www.stats.gov.cn/sj/ndsj/2016/html/0212EN.jpg	Province age structure is estimated from the NBS annual population sample survey for the corresponding year; sampling fractions differ across waves, so this variable is reserved for sensitivity adjustment.	manual_double_checked_official_table_image	official_image_transcribed_twice
西藏自治区	2015	31999	10.373459931293572	27.74	50634	2890	5.707627286013351	nbs_yearbook_2016_0310en	3-10	https://www.stats.gov.cn/sj/ndsj/2016/html/0310EN.jpg	Per capita gross regional product at current prices; models include wave fixed effects and use the log value.	nbs_yearbook_2016_0207en	2-7	https://www.stats.gov.cn/sj/ndsj/2016/html/0207EN.jpg	Proportion of year-end usual-resident population living in urban areas (%).	nbs_yearbook_2016_0212en	2-12	https://www.stats.gov.cn/sj/ndsj/2016/html/0212EN.jpg	Province age structure is estimated from the NBS annual population sample survey for the corresponding year; sampling fractions differ across waves, so this variable is reserved for sensitivity adjustment.	manual_double_checked_official_table_image	official_image_transcribed_twice
陕西省	2015	47626	10.771134109583889	53.92	589346	60994	10.349438190808117	nbs_yearbook_2016_0310en	3-10	https://www.stats.gov.cn/sj/ndsj/2016/html/0310EN.jpg	Per capita gross regional product at current prices; models include wave fixed effects and use the log value.	nbs_yearbook_2016_0207en	2-7	https://www.stats.gov.cn/sj/ndsj/2016/html/0207EN.jpg	Proportion of year-end usual-resident population living in urban areas (%).	nbs_yearbook_2016_0212en	2-12	https://www.stats.gov.cn/sj/ndsj/2016/html/0212EN.jpg	Province age structure is estimated from the NBS annual population sample survey for the corresponding year; sampling fractions differ across waves, so this variable is reserved for sensitivity adjustment.	manual_double_checked_official_table_image	official_image_transcribed_twice
甘肃省	2015	26165	10.172177918806309	43.19	404863	37912	9.364155282157174	nbs_yearbook_2016_0310en	3-10	https://www.stats.gov.cn/sj/ndsj/2016/html/0310EN.jpg	Per capita gross regional product at current prices; models include wave fixed effects and use the log value.	nbs_yearbook_2016_0207en	2-7	https://www.stats.gov.cn/sj/ndsj/2016/html/0207EN.jpg	Proportion of year-end usual-resident population living in urban areas (%).	nbs_yearbook_2016_0212en	2-12	https://www.stats.gov.cn/sj/ndsj/2016/html/0212EN.jpg	Province age structure is estimated from the NBS annual population sample survey for the corresponding year; sampling fractions differ across waves, so this variable is reserved for sensitivity adjustment.	manual_double_checked_official_table_image	official_image_transcribed_twice
青海省	2015	41252	10.62745487543596	50.3	91611	6502	7.097400967132768	nbs_yearbook_2016_0310en	3-10	https://www.stats.gov.cn/sj/ndsj/2016/html/0310EN.jpg	Per capita gross regional product at current prices; models include wave fixed effects and use the log value.	nbs_yearbook_2016_0207en	2-7	https://www.stats.gov.cn/sj/ndsj/2016/html/0207EN.jpg	Proportion of year-end usual-resident population living in urban areas (%).	nbs_yearbook_2016_0212en	2-12	https://www.stats.gov.cn/sj/ndsj/2016/html/0212EN.jpg	Province age structure is estimated from the NBS annual population sample survey for the corresponding year; sampling fractions differ across waves, so this variable is reserved for sensitivity adjustment.	manual_double_checked_official_table_image	official_image_transcribed_twice
宁夏回族自治区	2015	43805	10.687503245100464	55.23	103820	7643	7.361780003852822	nbs_yearbook_2016_0310en	3-10	https://www.stats.gov.cn/sj/ndsj/2016/html/0310EN.jpg	Per capita gross regional product at current prices; models include wave fixed effects and use the log value.	nbs_yearbook_2016_0207en	2-7	https://www.stats.gov.cn/sj/ndsj/2016/html/0207EN.jpg	Proportion of year-end usual-resident population living in urban areas (%).	nbs_yearbook_2016_0212en	2-12	https://www.stats.gov.cn/sj/ndsj/2016/html/0212EN.jpg	Province age structure is estimated from the NBS annual population sample survey for the corresponding year; sampling fractions differ across waves, so this variable is reserved for sensitivity adjustment.	manual_double_checked_official_table_image	official_image_transcribed_twice
新疆维吾尔自治区	2015	40036	10.59753432833891	47.23	367631	26207	7.128615377919707	nbs_yearbook_2016_0310en	3-10	https://www.stats.gov.cn/sj/ndsj/2016/html/0310EN.jpg	Per capita gross regional product at current prices; models include wave fixed effects and use the log value.	nbs_yearbook_2016_0207en	2-7	https://www.stats.gov.cn/sj/ndsj/2016/html/0207EN.jpg	Proportion of year-end usual-resident population living in urban areas (%).	nbs_yearbook_2016_0212en	2-12	https://www.stats.gov.cn/sj/ndsj/2016/html/0212EN.jpg	Province age structure is estimated from the NBS annual population sample survey for the corresponding year; sampling fractions differ across waves, so this variable is reserved for sensitivity adjustment.	manual_double_checked_official_table_image	official_image_transcribed_twice
北京市	2018	140211	11.850903709848648	86.5	17673	1989	11.254455949753863	nbs_yearbook_2019_e0309	3-9	https://www.stats.gov.cn/sj/ndsj/2019/html/E0309.jpg	Per capita gross regional product at current prices; models include wave fixed effects and use the log value.	nbs_yearbook_2019_e0207	2-7	https://www.stats.gov.cn/sj/ndsj/2019/html/E0207.jpg	Proportion of year-end usual-resident population living in urban areas (%).	nbs_yearbook_2019_e0212	2-12	https://www.stats.gov.cn/sj/ndsj/2019/html/E0212.jpg	Province age structure is estimated from the NBS annual population sample survey for the corresponding year; sampling fractions differ across waves, so this variable is reserved for sensitivity adjustment.	manual_double_checked_official_table_image	official_image_transcribed_twice
天津市	2018	120711	11.701154537978644	83.15	12794	1397	10.91918086603095	nbs_yearbook_2019_e0309	3-9	https://www.stats.gov.cn/sj/ndsj/2019/html/E0309.jpg	Per capita gross regional product at current prices; models include wave fixed effects and use the log value.	nbs_yearbook_2019_e0207	2-7	https://www.stats.gov.cn/sj/ndsj/2019/html/E0207.jpg	Proportion of year-end usual-resident population living in urban areas (%).	nbs_yearbook_2019_e0212	2-12	https://www.stats.gov.cn/sj/ndsj/2019/html/E0212.jpg	Province age structure is estimated from the NBS annual population sample survey for the corresponding year; sampling fractions differ across waves, so this variable is reserved for sensitivity adjustment.	manual_double_checked_official_table_image	official_image_transcribed_twice
河北省	2018	47772	10.774194972788317	56.43	61907	7854	12.686772093624308	nbs_yearbook_2019_e0309	3-9	https://www.stats.gov.cn/sj/ndsj/2019/html/E0309.jpg	Per capita gross regional product at current prices; models include wave fixed effects and use the log value.	nbs_yearbook_2019_e0207	2-7	https://www.stats.gov.cn/sj/ndsj/2019/html/E0207.jpg	Proportion of year-end usual-resident population living in urban areas (%).	nbs_yearbook_2019_e0212	2-12	https://www.stats.gov.cn/sj/ndsj/2019/html/E0212.jpg	Province age structure is estimated from the NBS annual population sample survey for the corresponding year; sampling fractions differ across waves, so this variable is reserved for sensitivity adjustment.	manual_double_checked_official_table_image	official_image_transcribed_twice
山西省	2018	45328	10.721680222070297	58.41	30481	3147	10.324464420458646	nbs_yearbook_2019_e0309	3-9	https://www.stats.gov.cn/sj/ndsj/2019/html/E0309.jpg	Per capita gross regional product at current prices; models include wave fixed effects and use the log value.	nbs_yearbook_2019_e0207	2-7	https://www.stats.gov.cn/sj/ndsj/2019/html/E0207.jpg	Proportion of year-end usual-resident population living in urban areas (%).	nbs_yearbook_2019_e0212	2-12	https://www.stats.gov.cn/sj/ndsj/2019/html/E0212.jpg	Province age structure is estimated from the NBS annual population sample survey for the corresponding year; sampling fractions differ across waves, so this variable is reserved for sensitivity adjustment.	manual_double_checked_official_table_image	official_image_transcribed_twice
内蒙古自治区	2018	68302	11.131694327707022	62.71	20781	2047	9.850344064289496	nbs_yearbook_2019_e0309	3-9	https://www.stats.gov.cn/sj/ndsj/2019/html/E0309.jpg	Per capita gross regional product at current prices; models include wave fixed effects and use the log value.	nbs_yearbook_2019_e0207	2-7	https://www.stats.gov.cn/sj/ndsj/2019/html/E0207.jpg	Proportion of year-end usual-resident population living in urban areas (%).	nbs_yearbook_2019_e0212	2-12	https://www.stats.gov.cn/sj/ndsj/2019/html/E0212.jpg	Province age structure is estimated from the NBS annual population sample survey for the corresponding year; sampling fractions differ across waves, so this variable is reserved for sensitivity adjustment.	manual_double_checked_official_table_image	official_image_transcribed_twice
辽宁省	2018	58008	10.968336211051428	68.1	35744	5353	14.975940017905105	nbs_yearbook_2019_e0309	3-9	https://www.stats.gov.cn/sj/ndsj/2019/html/E0309.jpg	Per capita gross regional product at current prices; models include wave fixed effects and use the log value.	nbs_yearbook_2019_e0207	2-7	https://www.stats.gov.cn/sj/ndsj/2019/html/E0207.jpg	Proportion of year-end usual-resident population living in urban areas (%).	nbs_yearbook_2019_e0212	2-12	https://www.stats.gov.cn/sj/ndsj/2019/html/E0212.jpg	Province age structure is estimated from the NBS annual population sample survey for the corresponding year; sampling fractions differ across waves, so this variable is reserved for sensitivity adjustment.	manual_double_checked_official_table_image	official_image_transcribed_twice
吉林省	2018	55611	10.926136302397198	57.53	22173	2743	12.370901546926442	nbs_yearbook_2019_e0309	3-9	https://www.stats.gov.cn/sj/ndsj/2019/html/E0309.jpg	Per capita gross regional product at current prices; models include wave fixed effects and use the log value.	nbs_yearbook_2019_e0207	2-7	https://www.stats.gov.cn/sj/ndsj/2019/html/E0207.jpg	Proportion of year-end usual-resident population living in urban areas (%).	nbs_yearbook_2019_e0212	2-12	https://www.stats.gov.cn/sj/ndsj/2019/html/E0212.jpg	Province age structure is estimated from the NBS annual population sample survey for the corresponding year; sampling fractions differ across waves, so this variable is reserved for sensitivity adjustment.	manual_double_checked_official_table_image	official_image_transcribed_twice
黑龙江省	2018	43274	10.675307271747375	60.1	30946	3780	12.214825825631745	nbs_yearbook_2019_e0309	3-9	https://www.stats.gov.cn/sj/ndsj/2019/html/E0309.jpg	Per capita gross regional product at current prices; models include wave fixed effects and use the log value.	nbs_yearbook_2019_e0207	2-7	https://www.stats.gov.cn/sj/ndsj/2019/html/E0207.jpg	Proportion of year-end usual-resident population living in urban areas (%).	nbs_yearbook_2019_e0212	2-12	https://www.stats.gov.cn/sj/ndsj/2019/html/E0212.jpg	Province age structure is estimated from the NBS annual population sample survey for the corresponding year; sampling fractions differ across waves, so this variable is reserved for sensitivity adjustment.	manual_double_checked_official_table_image	official_image_transcribed_twice
上海市	2018	134982	11.812896715197555	88.1	19877	2972	14.951954520299843	nbs_yearbook_2019_e0309	3-9	https://www.stats.gov.cn/sj/ndsj/2019/html/E0309.jpg	Per capita gross regional product at current prices; models include wave fixed effects and use the log value.	nbs_yearbook_2019_e0207	2-7	https://www.stats.gov.cn/sj/ndsj/2019/html/E0207.jpg	Proportion of year-end usual-resident population living in urban areas (%).	nbs_yearbook_2019_e0212	2-12	https://www.stats.gov.cn/sj/ndsj/2019/html/E0212.jpg	Province age structure is estimated from the NBS annual population sample survey for the corresponding year; sampling fractions differ across waves, so this variable is reserved for sensitivity adjustment.	manual_double_checked_official_table_image	official_image_transcribed_twice
江苏省	2018	115168	11.654147210878758	69.61	65996	9435	14.296320989150857	nbs_yearbook_2019_e0309	3-9	https://www.stats.gov.cn/sj/ndsj/2019/html/E0309.jpg	Per capita gross regional product at current prices; models include wave fixed effects and use the log value.	nbs_yearbook_2019_e0207	2-7	https://www.stats.gov.cn/sj/ndsj/2019/html/E0207.jpg	Proportion of year-end usual-resident population living in urban areas (%).	nbs_yearbook_2019_e0212	2-12	https://www.stats.gov.cn/sj/ndsj/2019/html/E0212.jpg	Province age structure is estimated from the NBS annual population sample survey for the corresponding year; sampling fractions differ across waves, so this variable is reserved for sensitivity adjustment.	manual_double_checked_official_table_image	official_image_transcribed_twice
浙江省	2018	98643	11.499262551001046	68.9	47034	6108	12.986350299783137	nbs_yearbook_2019_e0309	3-9	https://www.stats.gov.cn/sj/ndsj/2019/html/E0309.jpg	Per capita gross regional product at current prices; models include wave fixed effects and use the log value.	nbs_yearbook_2019_e0207	2-7	https://www.stats.gov.cn/sj/ndsj/2019/html/E0207.jpg	Proportion of year-end usual-resident population living in urban areas (%).	nbs_yearbook_2019_e0212	2-12	https://www.stats.gov.cn/sj/ndsj/2019/html/E0212.jpg	Province age structure is estimated from the NBS annual population sample survey for the corresponding year; sampling fractions differ across waves, so this variable is reserved for sensitivity adjustment.	manual_double_checked_official_table_image	official_image_transcribed_twice
安徽省	2018	47712	10.772938217564464	54.69	51812	6840	13.201574924727863	nbs_yearbook_2019_e0309	3-9	https://www.stats.gov.cn/sj/ndsj/2019/html/E0309.jpg	Per capita gross regional product at current prices; models include wave fixed effects and use the log value.	nbs_yearbook_2019_e0207	2-7	https://www.stats.gov.cn/sj/ndsj/2019/html/E0207.jpg	Proportion of year-end usual-resident population living in urban areas (%).	nbs_yearbook_2019_e0212	2-12	https://www.stats.gov.cn/sj/ndsj/2019/html/E0212.jpg	Province age structure is estimated from the NBS annual population sample survey for the corresponding year; sampling fractions differ across waves, so this variable is reserved for sensitivity adjustment.	manual_double_checked_official_table_image	official_image_transcribed_twice
福建省	2018	91197	11.420777280784536	65.82	32309	3065	9.486520783682566	nbs_yearbook_2019_e0309	3-9	https://www.stats.gov.cn/sj/ndsj/2019/html/E0309.jpg	Per capita gross regional product at current prices; models include wave fixed effects and use the log value.	nbs_yearbook_2019_e0207	2-7	https://www.stats.gov.cn/sj/ndsj/2019/html/E0207.jpg	Proportion of year-end usual-resident population living in urban areas (%).	nbs_yearbook_2019_e0212	2-12	https://www.stats.gov.cn/sj/ndsj/2019/html/E0212.jpg	Province age structure is estimated from the NBS annual population sample survey for the corresponding year; sampling fractions differ across waves, so this variable is reserved for sensitivity adjustment.	manual_double_checked_official_table_image	official_image_transcribed_twice
江西省	2018	47434	10.76709455012484	56.02	38080	3707	9.734768907563025	nbs_yearbook_2019_e0309	3-9	https://www.stats.gov.cn/sj/ndsj/2019/html/E0309.jpg	Per capita gross regional product at current prices; models include wave fixed effects and use the log value.	nbs_yearbook_2019_e0207	2-7	https://www.stats.gov.cn/sj/ndsj/2019/html/E0207.jpg	Proportion of year-end usual-resident population living in urban areas (%).	nbs_yearbook_2019_e0212	2-12	https://www.stats.gov.cn/sj/ndsj/2019/html/E0212.jpg	Province age structure is estimated from the NBS annual population sample survey for the corresponding year; sampling fractions differ across waves, so this variable is reserved for sensitivity adjustment.	manual_double_checked_official_table_image	official_image_transcribed_twice
山东省	2018	76267	11.24199562043949	61.18	82408	12495	15.162362877390546	nbs_yearbook_2019_e0309	3-9	https://www.stats.gov.cn/sj/ndsj/2019/html/E0309.jpg	Per capita gross regional product at current prices; models include wave fixed effects and use the log value.	nbs_yearbook_2019_e0207	2-7	https://www.stats.gov.cn/sj/ndsj/2019/html/E0207.jpg	Proportion of year-end usual-resident population living in urban areas (%).	nbs_yearbook_2019_e0212	2-12	https://www.stats.gov.cn/sj/ndsj/2019/html/E0212.jpg	Province age structure is estimated from the NBS annual population sample survey for the corresponding year; sampling fractions differ across waves, so this variable is reserved for sensitivity adjustment.	manual_double_checked_official_table_image	official_image_transcribed_twice
河南省	2018	50152	10.822813672953805	51.71	78679	8698	11.055046454581273	nbs_yearbook_2019_e0309	3-9	https://www.stats.gov.cn/sj/ndsj/2019/html/E0309.jpg	Per capita gross regional product at current prices; models include wave fixed effects and use the log value.	nbs_yearbook_2019_e0207	2-7	https://www.stats.gov.cn/sj/ndsj/2019/html/E0207.jpg	Proportion of year-end usual-resident population living in urban areas (%).	nbs_yearbook_2019_e0212	2-12	https://www.stats.gov.cn/sj/ndsj/2019/html/E0212.jpg	Province age structure is estimated from the NBS annual population sample survey for the corresponding year; sampling fractions differ across waves, so this variable is reserved for sensitivity adjustment.	manual_double_checked_official_table_image	official_image_transcribed_twice
湖北省	2018	66616	11.106700067915655	60.3	48498	6059	12.493298692729597	nbs_yearbook_2019_e0309	3-9	https://www.stats.gov.cn/sj/ndsj/2019/html/E0309.jpg	Per capita gross regional product at current prices; models include wave fixed effects and use the log value.	nbs_yearbook_2019_e0207	2-7	https://www.stats.gov.cn/sj/ndsj/2019/html/E0207.jpg	Proportion of year-end usual-resident population living in urban areas (%).	nbs_yearbook_2019_e0212	2-12	https://www.stats.gov.cn/sj/ndsj/2019/html/E0212.jpg	Province age structure is estimated from the NBS annual population sample survey for the corresponding year; sampling fractions differ across waves, so this variable is reserved for sensitivity adjustment.	manual_double_checked_official_table_image	official_image_transcribed_twice
湖南省	2018	52949	10.877084465109949	56.02	56516	7057	12.486729421756671	nbs_yearbook_2019_e0309	3-9	https://www.stats.gov.cn/sj/ndsj/2019/html/E0309.jpg	Per capita gross regional product at current prices; models include wave fixed effects and use the log value.	nbs_yearbook_2019_e0207	2-7	https://www.stats.gov.cn/sj/ndsj/2019/html/E0207.jpg	Proportion of year-end usual-resident population living in urban areas (%).	nbs_yearbook_2019_e0212	2-12	https://www.stats.gov.cn/sj/ndsj/2019/html/E0212.jpg	Province age structure is estimated from the NBS annual population sample survey for the corresponding year; sampling fractions differ across waves, so this variable is reserved for sensitivity adjustment.	manual_double_checked_official_table_image	official_image_transcribed_twice
广东省	2018	86412	11.366881834036867	70.7	93024	7687	8.263458892328861	nbs_yearbook_2019_e0309	3-9	https://www.stats.gov.cn/sj/ndsj/2019/html/E0309.jpg	Per capita gross regional product at current prices; models include wave fixed effects and use the log value.	nbs_yearbook_2019_e0207	2-7	https://www.stats.gov.cn/sj/ndsj/2019/html/E0207.jpg	Proportion of year-end usual-resident population living in urban areas (%).	nbs_yearbook_2019_e0212	2-12	https://www.stats.gov.cn/sj/ndsj/2019/html/E0212.jpg	Province age structure is estimated from the NBS annual population sample survey for the corresponding year; sampling fractions differ across waves, so this variable is reserved for sensitivity adjustment.	manual_double_checked_official_table_image	official_image_transcribed_twice
广西壮族自治区	2018	41489	10.633183610843151	50.22	40353	4046	10.026515996332366	nbs_yearbook_2019_e0309	3-9	https://www.stats.gov.cn/sj/ndsj/2019/html/E0309.jpg	Per capita gross regional product at current prices; models include wave fixed effects and use the log value.	nbs_yearbook_2019_e0207	2-7	https://www.stats.gov.cn/sj/ndsj/2019/html/E0207.jpg	Proportion of year-end usual-resident population living in urban areas (%).	nbs_yearbook_2019_e0212	2-12	https://www.stats.gov.cn/sj/ndsj/2019/html/E0212.jpg	Province age structure is estimated from the NBS annual population sample survey for the corresponding year; sampling fractions differ across waves, so this variable is reserved for sensitivity adjustment.	manual_double_checked_official_table_image	official_image_transcribed_twice
海南省	2018	51955	10.858133238286747	59.06	7658	629	8.21363280229825	nbs_yearbook_2019_e0309	3-9	https://www.stats.gov.cn/sj/ndsj/2019/html/E0309.jpg	Per capita gross regional product at current prices; models include wave fixed effects and use the log value.	nbs_yearbook_2019_e0207	2-7	https://www.stats.gov.cn/sj/ndsj/2019/html/E0207.jpg	Proportion of year-end usual-resident population living in urban areas (%).	nbs_yearbook_2019_e0212	2-12	https://www.stats.gov.cn/sj/ndsj/2019/html/E0212.jpg	Province age structure is estimated from the NBS annual population sample survey for the corresponding year; sampling fractions differ across waves, so this variable is reserved for sensitivity adjustment.	manual_double_checked_official_table_image	official_image_transcribed_twice
重庆市	2018	65933	11.09639435387813	65.5	25416	3678	14.471199244570348	nbs_yearbook_2019_e0309	3-9	https://www.stats.gov.cn/sj/ndsj/2019/html/E0309.jpg	Per capita gross regional product at current prices; models include wave fixed effects and use the log value.	nbs_yearbook_2019_e0207	2-7	https://www.stats.gov.cn/sj/ndsj/2019/html/E0207.jpg	Proportion of year-end usual-resident population living in urban areas (%).	nbs_yearbook_2019_e0212	2-12	https://www.stats.gov.cn/sj/ndsj/2019/html/E0212.jpg	Province age structure is estimated from the NBS annual population sample survey for the corresponding year; sampling fractions differ across waves, so this variable is reserved for sensitivity adjustment.	manual_double_checked_official_table_image	official_image_transcribed_twice
四川省	2018	48883	10.79718496675754	52.29	68344	10244	14.988879784618986	nbs_yearbook_2019_e0309	3-9	https://www.stats.gov.cn/sj/ndsj/2019/html/E0309.jpg	Per capita gross regional product at current prices; models include wave fixed effects and use the log value.	nbs_yearbook_2019_e0207	2-7	https://www.stats.gov.cn/sj/ndsj/2019/html/E0207.jpg	Proportion of year-end usual-resident population living in urban areas (%).	nbs_yearbook_2019_e0212	2-12	https://www.stats.gov.cn/sj/ndsj/2019/html/E0212.jpg	Province age structure is estimated from the NBS annual population sample survey for the corresponding year; sampling fractions differ across waves, so this variable is reserved for sensitivity adjustment.	manual_double_checked_official_table_image	official_image_transcribed_twice
贵州省	2018	41244	10.627260926637835	47.52	29487	3344	11.340590768813376	nbs_yearbook_2019_e0309	3-9	https://www.stats.gov.cn/sj/ndsj/2019/html/E0309.jpg	Per capita gross regional product at current prices; models include wave fixed effects and use the log value.	nbs_yearbook_2019_e0207	2-7	https://www.stats.gov.cn/sj/ndsj/2019/html/E0207.jpg	Proportion of year-end usual-resident population living in urban areas (%).	nbs_yearbook_2019_e0212	2-12	https://www.stats.gov.cn/sj/ndsj/2019/html/E0212.jpg	Province age structure is estimated from the NBS annual population sample survey for the corresponding year; sampling fractions differ across waves, so this variable is reserved for sensitivity adjustment.	manual_double_checked_official_table_image	official_image_transcribed_twice
云南省	2018	37136	10.522342128514218	47.81	39584	3790	9.574575586095392	nbs_yearbook_2019_e0309	3-9	https://www.stats.gov.cn/sj/ndsj/2019/html/E0309.jpg	Per capita gross regional product at current prices; models include wave fixed effects and use the log value.	nbs_yearbook_2019_e0207	2-7	https://www.stats.gov.cn/sj/ndsj/2019/html/E0207.jpg	Proportion of year-end usual-resident population living in urban areas (%).	nbs_yearbook_2019_e0212	2-12	https://www.stats.gov.cn/sj/ndsj/2019/html/E0212.jpg	Province age structure is estimated from the NBS annual population sample survey for the corresponding year; sampling fractions differ across waves, so this variable is reserved for sensitivity adjustment.	manual_double_checked_official_table_image	official_image_transcribed_twice
西藏自治区	2018	43398	10.678168636077336	31.14	2817	160	5.679801206957757	nbs_yearbook_2019_e0309	3-9	https://www.stats.gov.cn/sj/ndsj/2019/html/E0309.jpg	Per capita gross regional product at current prices; models include wave fixed effects and use the log value.	nbs_yearbook_2019_e0207	2-7	https://www.stats.gov.cn/sj/ndsj/2019/html/E0207.jpg	Proportion of year-end usual-resident population living in urban areas (%).	nbs_yearbook_2019_e0212	2-12	https://www.stats.gov.cn/sj/ndsj/2019/html/E0212.jpg	Province age structure is estimated from the NBS annual population sample survey for the corresponding year; sampling fractions differ across waves, so this variable is reserved for sensitivity adjustment.	manual_double_checked_official_table_image	official_image_transcribed_twice
陕西省	2018	63477	11.0584329145444	58.13	31684	3536	11.16020704456508	nbs_yearbook_2019_e0309	3-9	https://www.stats.gov.cn/sj/ndsj/2019/html/E0309.jpg	Per capita gross regional product at current prices; models include wave fixed effects and use the log value.	nbs_yearbook_2019_e0207	2-7	https://www.stats.gov.cn/sj/ndsj/2019/html/E0207.jpg	Proportion of year-end usual-resident population living in urban areas (%).	nbs_yearbook_2019_e0212	2-12	https://www.stats.gov.cn/sj/ndsj/2019/html/E0212.jpg	Province age structure is estimated from the NBS annual population sample survey for the corresponding year; sampling fractions differ across waves, so this variable is reserved for sensitivity adjustment.	manual_double_checked_official_table_image	official_image_transcribed_twice
甘肃省	2018	31336	10.352522875345667	47.69	21614	2446	11.316739150550568	nbs_yearbook_2019_e0309	3-9	https://www.stats.gov.cn/sj/ndsj/2019/html/E0309.jpg	Per capita gross regional product at current prices; models include wave fixed effects and use the log value.	nbs_yearbook_2019_e0207	2-7	https://www.stats.gov.cn/sj/ndsj/2019/html/E0207.jpg	Proportion of year-end usual-resident population living in urban areas (%).	nbs_yearbook_2019_e0212	2-12	https://www.stats.gov.cn/sj/ndsj/2019/html/E0212.jpg	Province age structure is estimated from the NBS annual population sample survey for the corresponding year; sampling fractions differ across waves, so this variable is reserved for sensitivity adjustment.	manual_double_checked_official_table_image	official_image_transcribed_twice
青海省	2018	47689	10.77245604231587	54.47	4945	375	7.583417593528817	nbs_yearbook_2019_e0309	3-9	https://www.stats.gov.cn/sj/ndsj/2019/html/E0309.jpg	Per capita gross regional product at current prices; models include wave fixed effects and use the log value.	nbs_yearbook_2019_e0207	2-7	https://www.stats.gov.cn/sj/ndsj/2019/html/E0207.jpg	Proportion of year-end usual-resident population living in urban areas (%).	nbs_yearbook_2019_e0212	2-12	https://www.stats.gov.cn/sj/ndsj/2019/html/E0212.jpg	Province age structure is estimated from the NBS annual population sample survey for the corresponding year; sampling fractions differ across waves, so this variable is reserved for sensitivity adjustment.	manual_double_checked_official_table_image	official_image_transcribed_twice
宁夏回族自治区	2018	54094	10.898478552953948	58.88	5638	507	8.99255054984037	nbs_yearbook_2019_e0309	3-9	https://www.stats.gov.cn/sj/ndsj/2019/html/E0309.jpg	Per capita gross regional product at current prices; models include wave fixed effects and use the log value.	nbs_yearbook_2019_e0207	2-7	https://www.stats.gov.cn/sj/ndsj/2019/html/E0207.jpg	Proportion of year-end usual-resident population living in urban areas (%).	nbs_yearbook_2019_e0212	2-12	https://www.stats.gov.cn/sj/ndsj/2019/html/E0212.jpg	Province age structure is estimated from the NBS annual population sample survey for the corresponding year; sampling fractions differ across waves, so this variable is reserved for sensitivity adjustment.	manual_double_checked_official_table_image	official_image_transcribed_twice
新疆维吾尔自治区	2018	49475	10.809222770470766	50.91	20375	1458	7.155828220858895	nbs_yearbook_2019_e0309	3-9	https://www.stats.gov.cn/sj/ndsj/2019/html/E0309.jpg	Per capita gross regional product at current prices; models include wave fixed effects and use the log value.	nbs_yearbook_2019_e0207	2-7	https://www.stats.gov.cn/sj/ndsj/2019/html/E0207.jpg	Proportion of year-end usual-resident population living in urban areas (%).	nbs_yearbook_2019_e0212	2-12	https://www.stats.gov.cn/sj/ndsj/2019/html/E0212.jpg	Province age structure is estimated from the NBS annual population sample survey for the corresponding year; sampling fractions differ across waves, so this variable is reserved for sensitivity adjustment.	manual_double_checked_official_table_image	official_image_transcribed_twice
