model	model_label	exposure	effect_type	effect	ci_lower	ci_upper	conventional_pvalue	cr2_pvalue	cr2_df	n_persons	n_person_waves	n_clusters	n_province_years	interpretation_role	estimation_note
CL1	Bed-to-physician ratio only	TCM hospital beds per TCM physician	percentage-point difference per 1-SD higher province-year bed-to-physician ratio	1.36833	-0.73068	3.46733	0.19219	0.27487	NA	13138	32914	28	112	Exploratory mechanism context	Province and survey-year fixed effects with individual covariates
CL2	Bed density and physician density	TCM hospital beds per 10,000 population	percentage-point difference per 1-SD higher province-year bed density	2.65302	0.55976	4.74628	0.01492	0.07487	NA	13138	32914	28	112	Exploratory mechanism context	Province and survey-year fixed effects with individual covariates
CL2	Bed density and physician density	TCM physicians per 10,000 population	percentage-point difference per 1-SD higher province-year physician density	-2.27437	-5.90657	1.35782	0.20978	0.32017	NA	13138	32914	28	112	Exploratory mechanism context	Province and survey-year fixed effects with individual covariates
CL3	Bed density, physician density, and bed-to-physician ratio	TCM hospital beds per 10,000 population	percentage-point difference per 1-SD higher province-year bed density	4.3985900000000004	0.24754	8.54964	0.03863	0.07174	NA	13138	32914	28	112	Exploratory mechanism context	Province and survey-year fixed effects with individual covariates
CL3	Bed density, physician density, and bed-to-physician ratio	TCM physicians per 10,000 population	percentage-point difference per 1-SD higher province-year physician density	-4.13387	-8.91998	0.65223	0.08764	0.19462	NA	13138	32914	28	112	Exploratory mechanism context	Province and survey-year fixed effects with individual covariates
CL3	Bed density, physician density, and bed-to-physician ratio	TCM hospital beds per TCM physician	percentage-point difference per 1-SD higher province-year bed-to-physician ratio	-1.71907	-5.28442	1.84628	0.33129	0.38856	NA	13138	32914	28	112	Exploratory mechanism context	Province and survey-year fixed effects with individual covariates
CL4	Bed density, physician density, and their interaction	TCM hospital beds per 10,000 population	percentage-point difference per 1-SD higher province-year bed density	3.1932	-0.09734	6.48375	0.05667	0.08522	NA	13138	32914	28	112	Exploratory mechanism context	Province and survey-year fixed effects with individual covariates
CL4	Bed density, physician density, and their interaction	TCM physicians per 10,000 population	percentage-point difference per 1-SD higher province-year physician density	-1.67424	-7.04163	3.69314	0.52755	0.6025	NA	13138	32914	28	112	Exploratory mechanism context	Province and survey-year fixed effects with individual covariates
CL4	Bed density, physician density, and their interaction	Interaction between TCM bed density and physician density	percentage-point interaction between province-year bed and physician density	-0.25699	-1.47386	0.95987	0.66822	0.70137	NA	13138	32914	28	112	Exploratory mechanism context	Province and survey-year fixed effects with individual covariates
